Nama,Ulasan,Tanggal
Chairul Rizal,"Lebih baik belanja menggunakan sepeda motor atau pakai transportasi online, karena areal parkir terbatas. Area pasar lumayan luas, menjual berbagai perlengkapan seperti sayuran buah dan aneka kelontong. Untuk ikan segar dan daging juga ada. Cuma khusus untuk ikan jangan berekspektasi lebih bisa dapat yang benar-benar segar.",2024-09-14
Sri Redjeki,"Kalian lagi trip ke Jogja? Wajib banget mampir Pasar Kranggan jam 07:00 pagi.
Aneka ria jajanan pasar! Sayur oraganic, romain yang murah meriah, semua ada disini. â€¦",2024-08-14
Meivy Sistha,"Pasar bawah lengkap utk belanja kebutuhan masak.. Lantai dua foodcourt juga byk pilihan tempat makan siang sesuai selera.. Mo steak, bakso, western, jepang, dimsum dll ada.. Kopi butternya enak di Kedai Terang Bintang.. Teh tariknya juga â€¦",2024-07-14
Carol C,Pasarnya cukup bersih dan teratur. Area yg jual makanan ada di pintu selatan. Tinggal kearah kanan kiri semuanya jual makanan. Lt 2 jg ada jual makanan spt cafe2 kecil. Cukup lengkap brg2 yg dijual. Di bagian utara jg ada klenteng.,2024-06-14
Arichi Reyji,Salah satu pasar tradisional dan pusat kuliner yg boleh dicoba pas lagi keliling Jogja. Konsepnya mirip sama pasar Gedhe solo. Cocok buat yang suka eksplor sisi lain perkotaan dengan makan tradisional dan kulineran. Kemarin pas coba eksplor â€¦,2024-04-14
tahria al fadiyah,"aslinya ke pasar ini buat coba kulineran di Lt. 2... ada yg jualan kopi, dimsum, sop, udon, dessert lucu, sate klatak, steak.. enak2.. harga juga terjangkau laah.. penyajiaan jugaa cepaat bgt.. ada musholah juga",2024-09-14
Debby Anindya Putri,"Kalo ke Yogyakarta jangan lupa main kesini, banyak banget yg jual sarapan plus kue jadoel. Hampir semuanya enak ğŸ˜â¤ï¸ harganya juga terjangkau. â€¦",2024-05-14
Ayu,"This legendary traditional market in Yogyakarta is my go-to spot for classic Indonesian treats. From Toko Maden snacks to bubur rice porridge and lopis steamed glutinous rice cakes, Pasar Kranggan offers a delicious adventure at affordable â€¦",2024-07-14
Bune Sukma,"Utk pagi hari, komplit dg jajanan pasar, aneka lauk matang, bahkan lauk utk oleh2. Sore-malam..full kuliner enak di lantai 2. Minusnya, gak ada ATM.",2024-07-14
Maulinna Utaminingsih,"Lantai 2 jadi tempat kuliner, tapi yang buka pagi tidak banyak. Sayangnya tempatnya terlihat kurang bersih.",2024-07-14
Luhdrini Nilamtiti Dampararas,"Pasarnya strategis, sangat dekat dengan Tugu Jogja. Jajan pasar, lauk, sayuran lengkap ada di sini. â€¦",2024-03-14
agus sw,"Pasar yang tak terlalu besar tapi strategis. Point of interest buat saya di kedai yang ada di lantai atas. Tiga yang pernah saya coba, semuanya memuaskan. Ada mushola yang bersih pula. Good traditional market.",2024-07-14
Zahra Khairunnisa,Kesini buat cari kulineran pagi. Sayang sekali belum ketemu sama yang jualan jenang. Mungkin terlalu pagi?,2024-05-14
Eni Pur,"Salah satu alternatif pasar yg bisa didatangi kalo mo cari makanan berat/ringan.
Kebetulan waktu beli snack, harga tdk bs ditawarğŸ˜, tp masih lumayan murah â€¦",2024-07-14
Ica ara,"Kesini mau cari makanan aja sih, lantai duanya ada aneka makanan enak. Lantai satu ada soto sapi yg rame. bgt jadi milih soto sapi yg di lantai 2. Enak kok ada kedai terang bintang yg legendaris juga. Dan hampir semua Chinese foodnya halal ya.. ğŸ‘ â€¦",2024-10-07
Nisa Elly20,Sekilas lewat dalem pasar terlihat kalo pasarnya tertata dengan cukup baik. Pasar tradisional tapi bukan yang berantakan. Ada los2 untuk penjual yang cukup memudahkan. â€¦,2023-10-14
Wahyu Laurentius,"Pagi pagi kalau mau berburu jajanan dan belanja bisa langsung datang ke Pasar Kranggan ini. Pilihan jajannya ada berbagai macam mulai dari yg roti, risol, olahan ubi, keripik, makanan tradisional, minuman, ataupun makanan berat ada â€¦",2024-01-14
Wiwik Afiefah,"Buat yg suka kuliner.. Pasar ini cocok sekali.. Aneka macam makanan di jual disini.. Yg aq suka kangen ada capjay goreng dan bihunnya.. Kalau mau cemilan2 jadul khas yogya juga banyak.. Ada kipo, clorot, lepet jagung, kopi butter, roti bakar.. Dan masih banyak lagi.",2024-03-14
Nugraha Gunamanta,"Kranggan Food Center on the second floor! Enak enak menu di lantai 2 Pasar Kranggan. Banyak pilihan food court nya. Harga bersahabat dan banyak juga yg nongkrong disini. Santap bareng teman atau keluarga sambil dengerin deru jalanan di pinggir Tugu Jogja, what a vibes!",2024-02-14
Nada Safitri,"Pasar Kranggan merupakan salah satu Pasar Tradisional legendaris di Yogyakarta, letaknya sangat strategis karena berdekatan dengan Tugu Yogyakarta. Pasar ini sangat ramai saat pagi hari, menjual segala kebutuhan pokok sehari-hari. Bagian â€¦",2024-02-14
gevas gita,"Pasar pagi yg jual jajanan pasar beraneka ragam. Niat awal mau nyari sarapan bakmi, tapi karena datangnya kepagian, jadi jajanÂ² dlu sampe akhirnya kenyang dan ga jadi makan bakmi, haha. â€¦",2024-09-14
Utsman Abdurr Rahman,"cukup bersih, bisa seperti drive thru karena banyak yang jualan di pinggir jalan, banyak yang jual jajanan juga, komplit pasarnya",2024-01-14
Laeli Nuraj,"Asik banget makan di pasar Kranggan. Banyak pilihannya. Menunya juga unik2, tempatnya di lantai 2 ya. Banyak kedai, dari kopi, kedai bintang, roti jala, dan macem2. Di ujung tersedia toilet dan mushola yang sekarang dijaga dan lumayan bersih.",2023-12-14
Lilia,"Salah satu pasar yang kalau malam ada jualan makanan di lt 2 atau bawahnya. Rata-rata tempat makannya jualan sampe jam 9 malam jadi kalau udah di atas jam 9, masih beberapa buka tapi terbatas dan tergantung mau makan apa di sini. Kalau isi pasarnya kurang tau tapi ini salah satu pasar yang di Jogjakarta",2024-09-23
Frissie Dhitta,"Selain tempat belanja, pasar Kranggan ini juga enak buat cobain kuliner. Jadi di bagian atas banyak cafe yg jual makanan yang unik-unik..",2024-01-14
Muhammad Umar,"Spot kuliner dipagi hari, start dengan jajanan pasar dari harga 1000-an. Menyajikan berbagai menu lokal nusantara",2024-03-14
Lusiana Diyan,"Menurutku ini pasar yang sangat lengkap, dari tempat belanja selayaknya pasar tradisional dengan pedagangnya yg masih rame dan beragam, kemudian di lantai 2 nya banyak tenan2 makanan yg seperti restoran dan kebersihan nya juga oke, ga ada bau bau an",2023-10-14
annisa dian,Dulu sering ke pasar ini untuk beli kembang. Kemarin pas pulkam nyoba ke pasar ini karena banyak makanan viral haha nyobain di 2 kedai yang udah udah buka. Ke kedai Roti jala nyobain roti kentang yang menurutku terlalu nyerap minyak tapi â€¦,2024-08-14
Mukhamad Arif,Kami datang di malam hari. Rame banget lt 2 tempat jual makanan anak2 nongkrong malam. Pilihan makanan berlimpah. Lokasi dekat dengan Tugu. so mau parkir sini trus jalan2 oke!,2024-03-14
Gea Dwi Asmara,"Pasar yang menyediakan sayur mayur, daging, perabotan, sembako, dan segala bentuk perlengkapan rumah tangga. Lokasinya ada di dekat tugu yogyakarta.
Banyak sayur-sayuran yang sulit ditemukan di pasar2 lain di jogja, kayak bunga kecombrang sampai sayur2an western dengan harga murah.",2023-10-14
Yustina Andryastuti,"Pagi banyak jual makanan mateng gudeg pecel aneka lauk, jajanan pasar juga beragam, ayam goreng utuh dalam box/besek, abon serundeng belum lagi keringan kripik pokoknya jajan seru bisa dimari deh..cobain klo pas k jogja. Tempat pas di dekat tugu jogja.",2024-09-14
Syayihatun Afriliani,"Yuhuu berburu jajanan pagi sih. Disini buanyak banget jajanan pasarnya. Harganya relatif murah dan banyak macemnya. Didalem juga nemu penjual bakmi capcay beli 5k dapet sepiring, rasanya enak, sambelnya sii juara. Pasar ini jam â€¦",2023-12-14
friska Soraya,Sudah lama ngajak suamik nguliner kesini. Alhamdulillah kesampaian juga. Tujuan utama ke Sop Sapi Minarwati. Walopun agak lama nunggunya (padahal ga antri panjang) tapi worth it banget banget banget. Kita pesen Sop Iga dan Sop Campur. Yang â€¦,2023-10-14
Ida Bahmid,"Klo kejogja pst mampir bt beli oleh2, eh bt sarapan pagi juga lengkap lho, ada gudeg lengkap, bubur, soto dll istimewanya bisa ketemu bacang disini, parkirnya nyaman dan ramah bpk2nya siiip",2024-09-14
Lusiana Lusie,"Pasar traditional yang ada di tengah kota,deket dari tugu yogya,bahkan ke stasiun yogya pun hanya butuh 5 menit saja.Sangat rame hiruk pikuk pedagang dan oembeli sudah mulai rame dari dini hari shubuh dan komplit komplit plit plit plit segala-gala macam kebutuhan tersedia.",2023-10-14
Gita Swasti,"Mengunjunginya di Sabtu sore. Wah, ramenya. Cinnamon roll-nya Manis di Bibir adalah makanan pertama yang kubeli dan rasanya enak sekali. Jadi pengen borong semuanya. â€¦",2022-10-14
Kurnia Adhi Putra,"Pasar kranggan tempat komplit cari kebutuhan sehari-hari. Paling favorit cari sayuran untuk bikin salad disini ada semua seperti lettuce, kol ungu, tomat cherry, selada, romaine, paprika, lobak, zucchini, timun kyuri, dll.",2023-10-14
Melissa Fu,"Saya coba ke pasar ini. DI depan pintu masuk pasar ada pedagang kue-kue tradisional yang snagat lengkap dengan harga yang bersahabat. Rasa kuenya juga enak.
Selain itu, di dalam pasar ini juga cukup lengkap dan bersih. Saya tidak ada â€¦",2024-08-14
Dyah,"Tempat kulineran. Banyak pilihan. Ada yang jualan gudeg, jajanan pasar, dan lain-lain. Tentunya juga ada penjual bahan-bahan masakan dan keperluan dapur lainnya, tapi sepertinya tempat ini lebih populer sebagai tempat berburu kuliner.",2024-09-14
Maritza N Putri,"Berbelanja dan berkuliner bersama keluarga, kondisi pasar yang ramai disaat pagi hari. Banyak kuliner dan jajanan di pasar.",2024-01-14
Martinus Indra Hermawan,"Pasar tradisional tepat di tengah kota. Lantai 1 penjual makanan tradisional, mulai bubur, soto, bakcang telor asin, tenongan Trubus dll. lantai 2 makin trendy dengan bermacam kulineran modern mulai coffee shop, steak, nasi kulit sampai dessert yang buka sampai malam",2023-10-14
Adri A1MEE,pasar tradisional yang sudah ada sejak Zaman abad 19. nama Kranggan di ambil dari salah satu kerabat Kratun KRT Rangga. pasar yang berlokasi di barat Tugu jogja ini tadinya di di peruntukkan untuk pedagang Etnis Tionghoa di zaman Itu.. â€¦,2024-08-14
raisa Kenzie,"Pasarnya bersih,lengkap,kalau yang suka buat salad bisa cari semua bahannya disini(tp harus pagi ya,soalnya keburu abis) segala macam perdagingan dijual disini ( ayam,sapi,kambing,babi,ikan) â€¦",2024-08-14
Nanik Sukarsih,"Pasar Kranggan merupakan salah satu pasar tradisional di Yogyakarta ,yang uniknya dilantai dua ada tersedia kedai2 makanan dengan berbagai olahan dari berbagai daerah bahkan luar negri yang disesuaikan dengan lidah orang Indonesia umumnya.Menciba Slurpy kwitiawnya enaaaaak.buangaet.dengan porsi tidak banyak tapi mengenyangkan.",2023-10-14
Zianatul Makwa,"Tempat jual aneka kebutuhan sehari2, bumbu dapur dsb. Kalau pagi pengin sarapan ada jual aneka nasi, sayur, lauk dan jajanan pasar. Parkiran juga oke cuma padat ya karena dekat Tugu Jogja",2023-10-14
Nabil Hasan,"Lantai 2 memberikan dimensi yanv berbeda, menyajikan berbagai kuliner yang tidak hanya mengenyangkan namun juga memanjakan mata.",2023-10-14
Tri mulya ningrum,"Lokasi pasarnya ada di dekat tugu Jogja. Kesini tujuannya memang untuk kulineran sih haha. Foodcourt terletak di lantai 2, pilihannya banyak pengen cobain semuanya. Pas kesini mampir ke kedai Terang Bintang nyobain udonnya sama beli roti â€¦",2023-12-14
Rahmi imamah,"Salah satu pasar tradisional yang ada di tengah kota, jualan kebutuhan rumah banyak macemnya dan rame poll. Pengunjungnya dari pembeli lokal sampe turis luar. Kulineran di sini jugaa oke banget, ada makanan tradisional western jejepangan dll.",2023-10-14
indra mutiara,"Pasar traditional dekat Tugu, kesini bwt beli daging sapi. Harga di luar & dalam bs beda 10rb/kg. Bs pesan mw slice utk rendang atw apa bs lsg dipotongÂ²kan",2024-07-14
Septiana Nuritasari,"Nemu jajanan pasar kesukaan waktu beli bunga untuk ziarah ke makam keluarga, satu keranjang bunga penuh cuma 20rb menurut saya sangat murah, yg jualan dekat dengan area penjual jajanan pasar di barat tugu jogja..",2024-03-14
Luvidamay,"Recommended untuk dikunjungi, banyak jajan enak",2024-09-14
Dewi Mulyani,"Pasar yg cukup lengkap di kota Yogyakarta. Ada penjual bunga juga. Bagian atas ada kuliner yg enak,bersih,suasana kl malam semakin menyenangkan.",2022-10-14
lila agandini,"Pasar tradisional dengan macam belanjaan yg serba ada. Sayuran lokal yg langka (jantung pisang, rebung, daun talas dll) tersedia. sayuran non lokal juga ada (edamame, letuce, okra, berbagai jamur) tersedia. Pedagang ramah dan sopan. â€¦",2024-01-14
cathchandra,"Langganan beli kembang disini, selain banyak yg jual juga udh ada langganan jd bisa dapet murah dan banyak isi nya. Di lantai atas ada spot kuliner, banyak macem nya, variatif juga. Harga standar ya.",2024-08-14
Yudit Christiawan,"Pasar tradisional di sekitar area Tugu.
Di area depannya banyak jual nasi+aneka lauk, aneka jajanan tradisional, bunga untuk nyekar, peralatan rumah tangga, dll.
Saya sarapan nasi kuning disini, murah meriah ğŸ˜ â€¦",2021-10-14
Prisca Eka,"Pasar yg nyaman dan penuh warna. Kalian bisa dapati banyak hal. mulai dari jajan pasar, jenang, sarapan pagi yg menunya murah-murah di lantai 1, hingga kopi dan menu luar negeri di lantai 2.",2024-08-14
Indoe Ismuroh,"Mampir kesini biasanya buat makan. Di lantai 2 ada foodcourt dengan bermacam-macam.menu. suka sama sop sapi, kopi butter sama salad dll. Enak2 makanan dan minumannya, nggak kalah sama yg ada di mall.",2024-01-14
Suharto,Utk kue jajanan dan menu sarapan yg tersedia sangat cocok di lidah,2024-01-14
Eny S,"Tempat favorit kalau ke jogja,dari subuh sudah banyak sarapan & kue-kue jajan pasar yang buka, gudeg & bubur gudegnya selalu jadi andalan,karena kami jarang ambil breakfast di hotel, harga standart tidak terlalu mahal,banyak keripik-keripik dan makanan kering juga didalam pasar kalau mau belanja oleh2",2024-02-14
Dicky Andra,"Pasar tradisional yg menawarkan berbagai aneka makanan tradisional, kebutuhan rumah tangga pun banyak tersedia, dan sangat ramai.. sangat bersemangat ketika berada di sini..",2023-10-14
Mei Lina,"Baru tau jika lantai 2 ada hidden gem yg wajib di kunjungi, belum coba semua baru coba Nasi hainan dan Sop sapi. overall ini enak",2023-10-14
Bella Santosa,"pagi sampai malam kulinernya lengkap
pagi ada kuliner di lantai 1 gudeg bu rus yang tipe gudegnya gurih dan ibunya ramah selalu ajak ngobrol â€¦",2023-10-14
Hery Setiyawan,Kuliner di lantai 2 pas siang komplit plit dari pedas sampai ga pedas dari aain sampai manis manis ada dsini â€¦,2024-06-14
Rico aldhiaf,"Lokasi pasar ini di utara dari tugu jogja, pasarnya sudah direnovasi bersih dan tertata rapi. menyediakan sayur mayur, daging, perabotan, sembako, dan segala bentuk perlengkapan rumah tangga. ada juga tempat pemotongan ikan didalam pasar, selatan jalan.",2023-10-14
frida aulia,"sejuk dahal kesana jam 12an tp ga yg panas bgt, banyak bgt pilihan kuliner di lt 2 mulai dr tradisional sampe western",2024-07-14
Araminta Shittadevy,Buat aku ini pusat kuliner. Kesini cuma makan makan n makan. Gak pernah belanja di lt bawah,2024-02-14
Setyawan Pramono,"Ayam goreng kampung murah enak 50rb/pcs.
Tp sarapan gudeg bawah tangga skr mahal banget, makan berdua 85rb. Tempat kaki lima harga bintang lima.",2024-05-14
akbar mahardhika,"Pasar yang dekat dengan tugu Jogja, di lantai dua kalian bakal menemukan kuliner yang enak enak, totally recommended âœ¨ğŸ‘ğŸ» â€¦",2023-10-14
icaica icaica,"Pasar kecintaan buat nyari sarapan, kue jajan pasar, pecel, makan siang, bunga tabur buat nyekar, sampai sandal bowling daimatu yang sempat langka. â€¦",2022-10-14
Cyntia Eriskadewi,"Baru tahu kalau disini ada surga kuliner. Beraneka ragam makanan unik ada disini. Saya beli nasi ayam Hainan, kopi butter, udon. Rasanya sih standar aja, tapi cukup mengobati kerinduan saya akan kuliner di luar Jawa",2024-01-14
Chrysanth Flora,"Pasar tradisional yg lengkap, semuanya ada di sini. Mulai dari sayur-sayuran, buah-buahan, sandang pangan, baju semuanya ada. Letaknya dekat sekali dari tugu Jogja. Kalau mau beli bahan makanan yg lebih murah belinya di belakang pasar, lengkap jg tp harus pagi karena kalau siang sudah harus tutup.",2023-10-14
Aulia Nur,"Banyak jual berbagai macam makanan, baju, seragam sekolah, pasarnya gede, harganya pasti murah lah. Tempatnya dekat tugu Jogja, kalau untuk parkir untuk roda 4 agak sulit. Tempatnya agak kumuh.",2018-10-14
Edwind Christoper,Komplit banget dangangannya mw nyari apa aja ada di sini..... utk harga bs ditawar.... masih menganut semi tradisional.... dari bumbu dapur smp bumbu yg suda digiling siap pakai jg ada selain itu jg ada ikan nila.... ikan bawal.... ikan â€¦,2019-10-14
novirizky pratama,"Sukses selalu untuk toko mas jawa jogja,,
Pelayanan sangat memuaskan ,
trimakasih mbak Nevi ana astutiğŸ¤—ğŸ¤—ğŸ™ â€¦",2024-09-30
Sakti Al Fattaah,"Lantai 2 pasar Kranggan istimewa, bnyk tempat makan enak dan terjangkau harganya.. Ada steak, gelatto, dll.",2023-10-14
Umi Sayidatus Zakiya,"pasarnya strategis bangett tempatnya, deket sama Tugu Jogja. pasarnya tetep mempertahankan ketradisionalannya padahal sampingnya itu udah kafe-kafe banyak. Depan pasar banyak banget kantor travel gituu, segala tujuan adaaa",2022-10-14
Arif Wahyu Nugroho,"Kalau mampir kalian wajib coba sop Sapi ini, dijamin balik lagi (req sop yang panas bangettt)",2024-09-16
Eka Adrian Family,"Pasar Tradisional yang paling strategis tapi lengkap hingga mencari bahan makanan, oleh-oleh, hingga ayam organik probiotik tanpa suntik obat sangat mudah untuk wilayah Yogyakarta.",2021-10-14
christopher muchtar,Banyak makanan dan seperti pasar pada umumnya,2024-05-14
Ficky Tri Sanjaya,Pasar di pusat kota selain pasar Bringharjo yang besar lengkap. Pasar Kranggan adalah legenda hidup bagi para peracik dan pecinta kuliner.,2024-08-14
Efi Kurniyawati,"Lokasi: Berada tidak jauh dari monumen tugu jogja

Interiornya: Pasar di pagi hari â€¦",2023-10-14
The Hermawan's Vlog,"Kesini mau sarapan di kedai terang bintang, sm nyemil roti jala lanjut cobain bihun japcay Bu Kerni, Gulai jengkol nya keq berasa ga makan jengkol, empuk bgt... best ğŸ‘ â€¦",2023-12-14
Budi Sulis,"Pasar tradisional di pusat kota jogja. Pasarnya sudah direnovasi sehingga bersih dan tertata rapi. Di bagian luar ada aneka jajanan tradisional. Di bagian dalam aneka buah, jajanan untuk oleh-oleh, bunga mawar, pakaian, buah-buahan dan makanan kebutuhan sehari2",2022-10-14
Kris Mheilda Setiawati (Ida Mandalawangi),"Paling suka sarapan di Pasar Kranggan lt 2 ada menu western tp harganya tetep ramah di kantong, enak pula ğŸ˜ â€¦",2022-10-14
Aida Safitri,"Wahh, aku gak nyesel ke sini, meskipun ujan2 disempetin ke pasar ini dulu utj cari oleh2 dgn harga murah, enak, dan banyak pilihan.",2024-02-14
Putri Nandia,"Pasar tradisional jogjakarta yang ada jajanan fav dan rasa bikin candu enak nya *GETHUK*
beda deh rasanya sama gethuk lain nya ğŸ˜‚ â€¦",2023-12-14
pamrayoga,Located in 2nd floor. I think this place has uniqe concept which mergering between traditional market with cafeteria. There are many food stalls options with tasty foods and beverages to chose. Highly Recommended food center to try ğŸ‘ â€¦,2023-10-14
Sri Listiawati,"Ada penjual bumbu padang terenak di dlm pasar kranggan, lupa namanya deket yg jualan ayam",2024-06-14
Mcgoo Beji,"Lokasi swbwlah tugu jogja. Membuat pasar ini menjadi pilihan menarik. Banyak pilihan makanan modern dan tradisional, harga merakyat.",2024-08-14
Felix Target,"Pasar jogja sekarang sedang berbenah untuk berkolaborasi antara tradisional dan modern, banyak makanan disini yang enak2 dan jajanan pasarnya yg lengkap",2024-06-14
rendy gautama rendy,"Bermacam macam kuliner, dan makanan yg enak banget....penjualnya ramah tama,tempat hanting jajanan pasar",2023-10-14
edha ika,"Pasar tradisional yang lengkap dg sayur mayur, lauk pauk (ayam segar, ikan laut, daging sapi, daging babi dll), jajanan pasar yg bervariasi.. Dan yang paling saya sukai yaitu kuliner paginya.. Hmmmm... Yamiiiiii",2023-10-14
Retno Budiyanti,"Pasarnya tertata dengan rapi, dan tergolong bersih. Parkirannya juga rapi, tukang parkirnya pun ramah.
Banyak juga yang jual jajanan tradisional di sisi sebelah selatan(?). Harganya pun terjangkau.",2022-10-14
Seana Iyora,Menunya enaak. Sangat variatif setiap harinya ganti. Tapi tempatnya agak keliatan kotor yang bagian luar. Selebihnya makanannya enak.,2024-08-14
Hafiizh Rayhan Wijaya,"Pasar tradisional yang terletak di pusat kota yogyakarta tepatnya di barat tugu pal putih, banyak penjual bunga bahkan sampai konter hp ada disini, overall produk disini komplit. Untuk fasilitas di pasar ini tersedia mushola dan toilet. Sekian penjelasan dari saya semoga bermanfaat untuk kita semua",2019-10-14
Pradipta Indra Kumara,"Pasar Kranggan banyak jajanan menarik di lantai bawah dan lantai dua, toiletnya di pojok lantai atas juga bersih.",2023-10-14
Trisuryani08 Yani,"Tempat nya nyaman,bersih,tertata
Makanan per Standnya enak2..
Laen waktu mau cobain makanan yg lain nya",2023-10-14
Belinda Project,"pasarnya strategis bangett lokasinya utara jalan dari Tugu Jogja. pasarnya tetep mempertahankan ketradisionalannya Depan pasar banyak banget kantor travel gituu, segala tujuan adaaa dari traveling sekalian mampir pasar juga bisa",2023-10-14
Himma wanty,"Pasar berburu jajan pasar murah enak..ayam goreng kalasan 1 ekor 50ribu ada didepan pintu masuk. Selebihnya jualan sayur, buah, toko pakaian. Lumatan lengkap.",2023-10-14
Aini Ummy Hanifah,"parkir 2k, dilantai 2 nya ada Foodcourt + banyak makananÂ² yg wajib buat dicobainn. ada toilet musola jugaa.",2023-10-14
Rachmad Bagus,"Traditional Market for breakfast, market snacks, pecel, lunch, sowing flowers to bloom, to the rare Daimatu bowling slippers. â€¦",2023-10-14
Aprina Rupiyani,Pasar cukup bersih. Makanan pilih2 ya mending yg sdh ada menu dengan harga,2024-07-14
O,"Cheap price. Good product. Quite clean especially after the renovation.

The only shop that open 24 hours is their flower shop.",2019-10-14
Eka Fisha,"Kuliner, banyak pilihan yang kamu suka, recomended semua, tergantung selera dan lidah pecinta rasa  ğŸ¤— â€¦",2024-08-14
Yahya W,"tempatnya bersih, tersedia banyak makanan, anginnya semilir, view langsung hotel, nasi karinya enak",2023-10-14
ESTI NURYANTI,Tahu pak jum enak sekali. Tahu ini ada di djalan poncowinatan depan klenteng. Tepatnya jalan tugu jogja ke utara . Ada jalan pertama belok kiri atau belok barat.. Pasar kranggan yg sisi blkg luar.. Jgn khwatir utk parkir dsb. Jk membutuhkan â€¦,2022-10-14
tuti santoso,Pasarnya luas dan bersih,2024-10-07
Lesty Meitika,"Suka banget kesini hanya sekedar untuk sarapan, menikmati jajanan pasar di pagi hari. Suasana Jogjanya kerasa banget karena harus melewati Tugu telebih dahulu sebelum kita sampai di Pasar Kranggan.",2020-10-14
Fajar Ujiantoro (Fajar Loe),"salah satu pasar tradisional di pusat kota jogja. jajanan pasarnya lengkap,ada soto ayam laris didepan pasar. parkiran mobil lumayan panjang,sepanjang jalan diponegoro.",2020-10-14
david muson guala,pasar tradisional cukup lengkap. sayur daging buah. kerupuk mentah jajanan warung dan kue basah ada. pasarnya lumayan bersih tidak becek,2019-10-14
Tomi Trilaksono,Di blakang pasar ada toko accessories hape yg terkenal di massanya.. Juga ada angkringan kopi joss Lik man. Cuma harganya agak mahalğŸ¤­ â€¦,2022-10-14
ahmad fanani,"Bagus , tahun 93 sampe 2000 sering ke sini , sekarang kondisi jauh lbh baik , rapi dan bersih . Langganan tepo sayur yg lezat  di mbah mbah .",2024-06-14
Ahmad Hatta AHA,Pasar traditional di yogya. Kalo malam banyak warung makanan yang menjual makanan yang enak2,2024-08-14
Whizz Wall,"Pasar tempat kami cari jajanan pasa, jajanan tradisional.. uenakkk..",2023-12-14
Asri Hartani,This market is very different with 20 years ago when I stayed at This city. Now this market is clean and look bright. I enjoy when shop in this place,2023-10-14
KP-Mohammad Anton Sugianto,"Pasar yg komplit, bahkan ketika ada wisatawan berkunjung pun, mereka (penjual) sangat ramah melayani, jogja memang istimewa",2023-10-14
Miftakhurozak Budi Nugraha,Pasar terlengkap di daerah kota dekat Tugu Yogyakarta. Terdapat kuliner enak di lantai 1 dan 2,2024-06-14
Bu Nidu Daily,"Disini banyak penjual bunga untuk ""nyekar"". Banyak penjual gerabah2 juga dan ada bubur 9 macam yg legendaris. Tempat yg menarik untuk berbelanja sambil hunting foto krn lokasinya dekat tugu Yogyakarta",2018-10-14
Fifi Junita,"Pasarnya ga panas, deket dengan tugu bisa kulineran di pasar sklian wisata ke tugu maupun malioboro karna deket banget sama pasarnya ğŸ‘ â€¦",2022-10-14
Dwi Handayani,"Enak nya belanja di pasar kranggan kalo masih pagi ,, masih lengkap dan komplit",2023-10-14
Nuna,Kuliner di lantai 2 pasar kranggan. Makanan tasty. Harga affordable âœ¨,2023-10-14
jovan noufal,"Makanan nya enak""walau Bru nyoba gudeg burus SMA bubur brapa rasa tp enk bener,ga kecewa SMA rsanya hrganya pun bersahabat.ğŸ¥° â€¦",2023-10-14
Lousy Family,Cari jajanan pasar jadul di sini tempatnyaâ€¦,2024-02-14
Ririn Aryanti,"Cari bahan unt buat es campur,, sayuran,, daging etc ...
Lengkap buka smp siang",2024-06-14
JEHA,"Para pedagang disini ramah ramah, khas Jogjakarta. Menyediakan berbagai macam jajanan yang di jual. Rasanya enak enak. Untuk hari tertentu bakal sangat padat sekali dan siap berdesakan, untuk toilet dan fasilitas umum lainnya perlu lebih di perhatikan lagi, mudah terlihat dari jalan utama.",2019-10-14
arina sabila zulfa,"Lengkap bgt pasarnya, kuliner disini juga recomend bgt",2023-10-14
Dwi Puji Kusumastuti,"kalau sore ga usah bingung cari sayur. kios belakang pasar masih ada yg buka.
untuk aneka snack dan jajan lainnya jg ada yg sampai sore.
kalau tiba-tiba butuh Snack mendadak coba lari kesini..",2022-10-14
Sigit B. Prayudo,"Pasar kedua di jogja yg sering saya datengin. Yg pasti saya cari adalah gudek bu Tini, kopi terang bintang, cemil2an tradisional.
Terakhir saya kesini, saya beli hampir 7kg gendar/ lempeng, lumayan buat stock â€¦",2024-01-14
beni priyono,"Ayam Panggangnya maknyus, tersedia ayam panggang kampung, dapat order via online dan menerima pesanan. Untuk rasa dijamin anda tidak kecewa.",2023-10-14
emi windrayani,"Banyak jajan enak termasuk jenang, dawet, dan jajan pasar lainnya",2023-10-14
Aisy Rahmania,"Akses mudah. Parkir mudah. Isi para lengkap darisayuran hingga daging2an, ikan maupun perabotan rumah tangga",2019-10-14
Cerlin Aqiroh,"wajib banget nyoto di soto ayam kranggan, pas depan sop iga sapi lantai satu",2024-05-14
Subali Subalo,"Clean and Comfortable for people in Yogyakarta to buy basic needs, clothes, and other needs in Traditional market. It you want some porks, it is also easily to find it. There is a place for people who want to buy pork.",2019-10-14
intan padma,Baru tau ternyata di lantai 2 ada tempat makan enak.,2024-07-14
Okta,Tempatnya dekat dengan tugu jogja. Kesini cuma mau nyobain makanan di lantai 2 nya,2023-10-14
Marini Ayu Gifari,"Dulu saya & keluarga sangat skeptis melihat pasar kranggan dari luar. Terlihat kecil & sumpek dari luar, parkir sempit di pinggir jalan, saya pikir mereka hanya menjual bunga tabur saja malahan yang sering saya tuju adalah deretan kedai â€¦",2023-10-14
Yok,"Pasar Kranggan, banyak kuliner di lantai atas sisi selatan. Kuliner ini rata-rata buka sekitar jam 10 pagi. Sebelum jam 10 pagi  di los bawah banyak jajan pasar yang penuh sekera, tak lupa ada sop sapi dan ayam yang seger. Harga-harga terjangkau. Pedagangnya ramah-ramah khas Jogja.",2024-01-14
Andri Yono,"Tiap hari belanja di pasar kranggan , pasar yang lengkap dengan berbagi kebutuhan",2024-08-14
Frida Liza,"Pasar tradisional Jogja paling bersih dan rapih tidak berantakan dan makanannya enak semua, tidak bosan jalan ke Jogja",2023-10-14
Rahma Aja,"Makanan di sini enak2.
Baru nyoba beberapa sih cuma dapet 1 yang zonk di toko cakenya.",2023-10-14
Sulistiyo Andayaningrum,Salah satu pasar terbesar Di Jogja sesudah Pasar Beringharjo... lengkap bgt.. bangunan dibuat harmoni dengqn kuil Di seberangnya,2020-10-14
Triska Nurita,"Pasarnya bersih, harganya juga cukup tergangkau, dekat dengan tugu Jogja.",2023-10-14
Jany Puspita,Wisata kuliner disini ngga pernah kecewa,2023-11-14
Lutfi D Avisiana,"Western food ramah di kantong. Makanan bintang lima, harga kaki lima. Saya makan Spicy chicken casserole seharga 35k dan ice lemon mint seharga 10k. Gak ada tax ataupun tax service. Terima kasih buat owner yg menyajikan menu western food â€¦",2021-10-14
Tonggeng Koplak,"SEDOT WC DAN SALURAN MAMPET.
Siap melayani jasa.
Sedot WC. â€¦",2023-10-14
Berliana Indrawati,"Bake me to the moon nya pasar kranggan enakâ€¦
Selain itu banyak pilihan ruko makanan. secara keseluruhan makannan nya enak enak spt yamien dan soto betawinya tapi sayang ga kfoto",2023-10-14
afandi,"katanya sentra pisang kepok di jogja, banyak yang jual bunga mawar potongan juga wangi banget love it",2021-10-14
oki nugroho,"Lantai 2 pasar kranggan ternyata adalah kios2 makan yang menarik sekali
Setiap hari ramai dikunjungi karena banyak pilihan makanan, tempat yang nyaman dengan ambience yg menarik â€¦",2024-02-14
Ari Lia,"Pasar tradisional dekat tugu jogja ,, sore pun masih banyak warung yang buka",2024-06-14
Zaida Hendrastuti,Sebagian kuliner di lantai atas pasar Kranggan .. patut dicoba krn enakÂ² dan byk pilihan,2024-05-14
Putra wicaksono,Apa aja ada disini.. bersih parkirannya juga luas..,2024-09-23
jaya supriadi,"Rame banget dan semuanya ada loh.
Dan kalau ada yang cari kos kos di kota hubungi Jaya.",2021-10-14
Teguh Triyana,"Pasar tradisional yang lengkap. Dengan berbagai range harga.
Banyak pilihan barang terutama sayuran dan buah-buahan.
Datang lebih pagi untuk transaksi yang lebih ekonomis di lapak pedagang sepanjang pinggir jalan. Atau barang kualitas pilihan   di dalam pasar.",2020-10-14
umi lestari (Ari),Tempat belanja yang komplit... Food court nyaman... Makanan enak-enak,2022-10-14
DANANG YOGYAKARTA INDONESIA,Membantu kebutuhan dasar masyarakat di lingkungan seputaran jogja tengah,2022-10-14
Kiki,Pasarnya cukup bersih & lengkap. Akses parkir mudah.,2023-10-14
Destiana Amelia,"Pasar tradisional terbaikkk yang terletak tidak jauh dari Monumen Jogjakarta. Jual berbagai macam sayuran segar, buah-buahan, mie segar, telur, daging dan ikan. Ada juga warung makan yang menjual gudeg dan makanan lezat lokal untuk kerumunan sarapan",2023-10-14
Laurensia Putri,ke pasar kranggan khusus buat beli sayuran sama kulinernyaaâ¤ï¸,2023-12-14
Land Lord,"Salah satu pasar tradisional yang ada di tengah kota, jualan kebutuhan rumah banyak macemnya dan sangat rame. Pengunjungnya dari pembeli lokal sampe turis luar. Kulineran di sini jugaa oke banget, ada makanan tradisional western jejepangan dll.",2023-10-14
Fairuzul Mumtaz,Pasar tradisional di pusat kota. Referensi buat kita semua,2024-07-14
R. B Arisandi,"Pasar ini terletak di sisi barat tugu Joga. Kebetulan saya berkunjung ke pasar ini di sore hari, tapi di lantai ke dua (teras luar) ada sederetan penjual makanan kekinian yang tentunya disukai kawula muda. Yang menjadi khas dari pasar ini; â€¦",2023-10-14
Lindawati,"Lumayan rapi, lengkap ,selada iceberg dijual di kaki lima",2024-05-14
Subiharto,Lengkap dan murah,2024-06-14
Tasmara DR7,Lokasi pasar yang sangat hangat saling berbagi emosional antar kepekaan sesama dan membuat pikiran sedikit tenang.,2022-10-14
gayatri yayik,"Lantai 2 pasar kranggan, banyak food court, ada coffee shop juga",2023-10-14
agus gempol KOPI,pasar tradisional di tengah kota yang komplit,2024-09-16
Gita Doank,"Semua bahan ada.dari sayur mayur,ikan,daging,dan kebutuhan pokok. Tempat nyaman dan bersih. Menjadikan suasana belanja nyaman",2023-10-14
R H S,"Pasar tradisional yg menawarkan berbagai aneka makanan tradisional, kebutuhan rumah tangga pun banyak tersedia, dan sangat ramai.. sangat bersemangat ketika berada di sini..",2023-10-14
Ricka Intan,Banyak pilihan makanan yg murah dan rasanya dijamin enak. Kalau ke jogja wajib sih mampir kesini,2024-02-14
Putih Oon,"Buka dr jam 4 pagi. Pasar utama lengkap, ada jual babi juga. Warung sayur yg di luar juga banyak yg buka sampai malam",2023-10-14
Arlin Megawati,Tempat cari sarapan klo kunjubgan ke yogya,2024-08-14
Pak Sumarsono,"Pasar Kranggan merupakan pasar tradisional tua yang ada di kota yogyakarta, selain pasar Beringharjo/ pasar Gedhe yang ada di jalan Ahmad Yani/ Margo Utomo. segala kebutuhan ada di pasar Kranggan ini, terletak di sebelah barat Tugu Yogya. â€¦",2020-10-14
Rizal Prastowo Putra,"Lengkap, murah, tengah kota Jogja. Penjual ramah semua",2022-10-14
pelung tangi,"Gudeg Bu Tini, bubur jenang sama cap cay paling favorit disini....apalg KLO weekend beuh antreannya",2023-11-14
mothya widyani,Banyak kedai yg menunya enak dan beragam. Soto tangkar dan kedai bintang favorit,2024-03-14
Agung Pranoto,Pasar yg tepat di barat tugu jogja ug ramai pada pagi hari,2021-10-14
Heti Eka Astuti,"Beli pakan kucing di sini harganya murah.

Pasarnya lengkap. Dari sayur mayur, lauk pauk, serta barang pecah belah.",2023-10-14
Hendra Frengkydea,Pasar traditional market merupakan pasar yg sangat lengkap semua jajanan dan berbagai macam kebutuhan..ğŸ‘ğŸ‘ â€¦,2023-10-14
asrie yoka,"Lengkap, lokasi tengah kota. Buat daging dan ikan disini murah.",2020-10-14
Ahmad Nuri,Mantap semua bahan pokok makanan tersedia tempatnya jg enak dan nyaman bersih pula,2023-10-14
Desy Indriana,Di foodcourt lantai 2 terdapat banyak toko dengan berbagai pilihan makanan & minuman. Direkomendasikan.,2024-04-14
Achmad Zulkarnain,"Toko terang, kopi menteganya juga enak â˜•ï¸",2024-02-14
Dedy Purnomo,Lebih bersih dari sebelumnya,2024-09-14
Aryanto Joko,Banyak jenis sarapan....,2021-10-14
Pasuria Christine Situmorang,Buka di sini untuk makan yang di lantai 2 Banyak pilihan,2023-10-14
Reza,"Toko-toko di lantai atas beragam, murah dan enak",2023-10-14
Ferdinand Riwu,Tempat yang sangat padat untuk mendapatkan sayuran segar,2023-10-14
Riyadi El Harits,Lantai atas memiliki banyak toko modern.,2024-02-14
Risca Ramadhona,"Harus ke lantai 2, banyak makanan enak!",2022-10-14
Ade Retno Anjani,Lantai 2 punya banyak pilihan enak!,2023-10-14
Andhiargo Ogy,Gandos Rangin... Joss,2022-10-14
Rizky Ocktarini,"Bunganya sangat segar dan bisa request, terima kasih",2021-10-14
Mulia Arron,pasar favorit untuk membeli ikan laut dan bahan kue.,2021-10-14
Anjar Prasetyo,"Pasar yang selalu ramai dikunjungi, selama pandemi saya tetap menerapkan protokol,",2021-10-14
A. S. N. Hakim (Hakim),"Legenda pasar, temukan apa saja",2023-10-14
Hariyadi Wijanarka,"Pasar langganan saya kecil, pasti nyaman, dekat dan murah",2022-10-14
mas widhie,"Pasar terfavorit..ğŸ˜ƒğŸ‘semua ada disana..ğŸ˜ƒ, asal gak nemu batu nisan atau peti mati..ğŸ˜.. â€¦",2022-10-14
mutiara tiffani,Banyak restoran,2024-03-14
Dakiri Kinarian,"Lengkap dan bersih,",2023-10-14
Mayhesa Raditya Mahendra,kuburan,2024-07-14
"Kuswara, SP.",Pasarnya bersih dan penjualnya ramah dan menyenangkan.,2021-10-14
ch oct,lengkap..murah..tengah kota ğŸ˜„ â€¦,2022-10-14
Joshua Leonard,Tn,2024-04-14
mbah Tjokro,Pasarnya benar-benar bersih di tengah negara,2020-10-14
Jimmy Wirjawan,"Tempat yang bagus untuk berburu ""jajanan pasar"" ğŸ¤©ğŸ‘ â€¦",2022-10-14
Cancerina Yuliary,Lengkap dan bersih â¤ï¸,2023-10-14
padmayoga,Sekte,2022-10-14
Mod Prima,Pasar tradisional masyarakat Yogyakarta,2021-10-14
Yongky Sunjoyo,"Lengkap, harga pas",2022-10-14
Gidion Supriyanta,Makan di resto depan pasar krangan,2018-10-14
Bhinneka Tunggal Ika,Semua kebutuhan memasak ada di sini,2020-10-14
Pitoet Noegroho,Lengkap dan bersih,2021-10-14
Jumadi,Selesaikan apa pun yang terjadi,2020-10-14
Tegar Gupeta Ariaji,Banyak yang jual Esse ğŸ˜ â€¦,2018-10-14
Bagyo Raharjo,"Pasarnya bersih, semoga bermanfaat ğŸ™ â€¦",2023-10-14
Eri Yanto,Istri saya suka berbelanja di toko,2018-10-14
Bayu Pramudya,Sarapan,2024-01-14
Very RizkiaD,Saya suka betapa murahnya itu,2020-10-14
tri wahyudi yudi,Ini bersih dan rapi..,2021-10-14
Vincent Na,Terlalu banyak,2023-10-14
Gian Nur,beli ikan enak di sini,2020-10-14
hendra dian aw,Makan,2023-10-14
Darlin M,banyak dan murah,2019-10-14
Aji Pranaditya,Lengkap dan bersih...,2021-10-14
Rachmat Saputro,Pasar tradisional yang lengkap,2022-10-14
Ocha Christian,Pasar sudah selesai,2022-10-14
Nangin VV,Gambaran pasarnyaaa lengkap,2020-10-14
nurdin machfudz,Besar,2023-10-14
Bukhori Ahmad,Soto krangan adalah yang terbaik,2020-10-14
Annisa Fricylia Saputrie,Besar,2023-10-14
Sutopo dwi cahyono,Muaraah dan lengkap,2020-10-14
RUQ Studio,Oke,2023-10-14
indrax mahendrax,Pasarnya bersih...rejekinya bagus,2020-10-14
Ayudia Rahmadani,Pada dasarnya sudah lengkap,2020-10-14
Pungky selalu di hati,"Bagus sekali, pohon",2021-10-14
anjas miranda,Tuan,2022-10-14
Stephan Mario Untu,Pasar bersih,2021-10-14
Anjorta Mutia,jika,2022-10-14
Agus Budiyanto,Joooooz,2022-10-14
Ambon Sulton,Joss,2022-10-14
chafidh fathoni,Pasarnya bersih,2023-10-14
elizabeth widi,Menyelesaikan!,2022-10-14
Setyo Pratowo,Pasarnya orang Jogja,2021-10-14
Ar Rasyid Fajar N,Pasar induknya bagus,2020-10-14
Vitri Markonah,Asyikkk,2021-10-14
Marc xtra,untuk lulus,2021-10-14
Ilham Wicas,jika,2021-10-14
Arya Irawan,Pukul simboknya,2018-10-14
ilham dian,Mantap,2020-10-14
Andi Soed,Joos,2019-10-14
Diana Norrahmah Maulida,Rami,2020-10-14
Ayu,Atas,2020-10-14
trisno widodo,Dilengkapi penuh,2020-10-14
Akagami El-Zafran,jika,2019-10-14
haiban najid,Jozz,2020-10-14
Bilal asso,Di atas,2019-10-14
Himawan Yhudi Wibowo,spesial,2020-10-14
jaka raharja,Oo2 itu...!!!,2020-10-14
Lufthii Lufthansah,Tembaga,2018-10-14
Indra JagoaNNeoN,Burung SIMBAH,2016-10-14
S Jadi,Oranye ramah2,2020-10-14
dewa ramadhan,Ruaammeeee pooooooolll,2017-10-14
Dafid Andi,desa Cina,2020-10-14
HnR,Selamat tinggal..,2019-10-14
Hari Raharjo,sangat aman,2019-10-14
Annisa P AL,Ya,2023-10-14
Hastea,"Lantai 2 pasar Kranggan berisi deretan gerai makanan & minuman termasuk bakso, soto, sop, curry, roti jala, steak, puding, dimsum, sate, kopi2 dll. Harga berkisar di atas 20rb. â€¦",2024-08-14
Anggita Oktafiana,Pasar ini nggak pernah sepi. Kalau pagi kita bisa menemui banyak makanan yang cocok untuk camilan dan sarapan di pagi hari di bagian depan. Untuk area dalam sama seperti pasar padanumumnya yang menjual aneka sayur dan berbagai bahan â€¦,2024-07-14
nurma astrid utami,"Salah satu pasar favorit di pusat kota jogja, dekat ikon Tugu Yogyakarta, banyak pilihan makanan kalo mau kulineran, kalo pagi ada jajanan pasar, soto dan masih banyak lagi. Kebersihan yaa gitu deh, standar pasar pada umumnya, ada tukang parkir, harga kadang ngikut harga wisatawan jadi yaa agak mahal, tapi juga ada yang murahh",2024-08-14
Yohanes E. W,Pasar tradisional yg terkenal di kota yogya. Jajanan pagi yg enak membuat kalap belanja dan racun yg sedang diet...,2024-07-14
Ari Wahyuni,"Tempat belanja langganan..
Datang lebih pagi lebih baik, harga lebih miring..umumnya emak2 berdaster lansung menuju belakang pasar sebelum matahari terbit. â€¦",2024-09-14
Ake Widyastomo,Pasar tradisional legendaris di Yogyakarta. Lokasi strategis karena berdekatan dengan Tugu Yogyakarta. Area sangat luas hingga jalan disisi utara selalu tumpah ruah dengan aktivitas pasar dipagi hari. Sedangkan disisi selatan anda dapat â€¦,2023-10-14
Puryanti Agustina,"Tersedia berbagai macam menu makanan dan minuman di lantai 2.
Enak buat nongkrong di malam hari.
Selamat berbelanja",2024-01-14
Fitri Arsy Jayanti,"Mampir untuk makan siang menjelang sore di lantai 2nya. Sayang sekali ada bau tidak sedap yang muncul, seperti bau sampah atau bau tai kucing. Semoga pengelola pasar bisa menghimbau untuk menjaga kebersihan kepada para penjual. â€¦",2024-01-14
VoeR VoeR,"iseng cari jajanan jadul, banyak macamnya jajanan pasar & rasanya jg lumayan.....",2024-05-14
Valentino Kurniawan,Parkirnya tergolong mahal 5.000 untuk mobil padahal di papan nya hanya 2.000. Petugas parkir namanya Sarwo. Tidak dikasih karcis parkir juga saat kami membayar parkir tarif 5.000 nya,2024-09-14
Aramkus Sira,"sengaja jalanÂ² ke pasar kranggan buat nyobain kuliner di lantai duwa. dateng pas agak siangan. pilihan menu kuliner banyak, namun belum buka semua. harga standar saja. lantai bawah banyak yg jual jajanan. â€¦",2024-08-14
Macan Putih,Pasar yang besar lengkap ada di di sini dr perlengkapan peralatan dapur hingga baju serba ada toko mas berbagai makanan ringan hingga makanan berat tersedia berada di tengah tengah kota Jogja,2024-08-14
Nia Atika,"Di pasar kranggan masih banyak dijumpai makanan tradisional seperti aneka jenang, ketan lopis, pecel, sayur matang, jajanan pasar, jamu tradisional yang meminumya pun pakai batok kelapa, peralatan rumah tangga, sayuran segar, buah-buahan, â€¦",2018-10-14
Dini Apriani,"Pagi bisa sarapan disini. Lumayan banyak pilihannya. Dibagian bawah ada gudeg, jenang, jajanan pasar lainnya. Di lantai 2 ada stand2 makanan gitu (ada tempat duduknya juga). Dibawah sy coba gudeg trs keatas beli roti jala (kesinj harus saraoan dulu, soalnya antri banget).",2024-01-14
Fadhil Amadan,Pasar Kranggan is a great place to visit if you're looking for a traditional market experience in Indonesia. The market is clean and offers a wide variety of traditional foods that are definitely worth trying. â€¦,2023-10-14
Dian Mutiara,"Pasar yg berada di tengah kota, dekat dengan tugu jogja. Di lantai 2 juga menjual makanan kekinian, biasa untuk nongkrong anak anak milenial",2023-10-14
Sapiderman Lumpat,"Clean, and dry, the modernized market is a large improvement over the old traditional market of once was. You can find everything with affordable prices. â€¦",2024-05-14
pempek emakqu,tolong dukungan pemerintah utk merenovasi lantai 2...ini ud sip sekali perkembangan pasar kranggan kembali ramai dengan kuliner di lt2 sip sekali sudah ad musholla di lantai 2 jadi tdk perlu terburu2 kalo jam sholat tiba,2024-06-14
tria yulita,Lantai 2 yang untuk food court kalau bisa segera di perbaiki karna lantai retakÂ² sangat tidak safety untuk jalan terlebih anakÂ² dan orang tua bisa membahayakan,2024-07-14
Yupi Rahayu,"Kurang penataan, memang sdh ada tanda tapi agak semrawut. Yg saya  rekom es camcau dawetnya enak. Dejat klenteng Poncowinatan....ğŸ‘ğŸ‘ğŸ‘ â€¦",2023-11-14
Fajar Pangestu,"Lokasi strategis, dekat pusat belanja dan juga tugu jogja, jajanan banyak jangan bingung milih! :)",2024-09-23
g-news. id,Kalau wisata kuliner disini akan di suguhi jajan pasar yang beraneka rupa dengan harga yang terjangkau alias murah. â€¦,2021-10-14
Diana Ratri,"Pasar tradisional dengan penataan baru yang lebih bersih dan rapi sehingga levih nyaman saat berbelanja untuk mencari kebutuhan sehari-hari. Mudah diakses dari arah japan P.Dipenogoro. petugas parkir cukup kooperatod. Tersedia sayuran, â€¦",2020-10-14
Putri Mayang,"tersedia beraneka ragam jajanan, snack, lauk pauk sarapan, bubur gudeg",2023-10-14
Christin Sri Hastuti,Di lantai 2 ada berbagai tempat makan. Bisa memiih sesuai selera.,2024-02-14
WD Shalvica,"Mengikuti aturan PPKM, pasar tumpah bersih gaknada yg jualan dan para bakul di dalam kios, pake masker juga ada tempat cuci tangan juga fasilitas prokes lainnya. Tuk harga masing2 pedagang relatif kompetitif, jadi pintar2 kita saja beli dg â€¦",2021-10-14
Gilang Rosandi_31,"Tempatnya masih enak, nyaman, santai
Walau sudah lama g berkunjung
Orangnya ramah'
Suka dapet oleh'ğŸ˜ â€¦",2024-08-14
galih aries,Nyoba sop tangkur dan sop daging sapi di 2 tempat rasanya enakan sop tangkur tapi nasinya sayang keras semua,2024-02-14
dion iwan,"Pasar yg amat sangat strategis ada di jantung kota jogja, tidak jauh dari tugu jogja. Tempat Parkiran buat motor dan mobil juga cukup luas dan banyak petugas parkir yg membantu. Biasanya kesini cuman buat beli kembang tabur buat acara nyekar. Fyi kudu harus pintar2 nawar dan klo bisa pakai bahasa lokal/ jawa yaaa. ^^",2018-10-14
Harry Makertia,"Di depan pasar Kranggan ini kamu bisa menemukan tempat makan tradisional, di antaranya nasi gudeg dan bubur gudeg. Enak dan murah.",2023-10-14
Lutfia Prihanani,"Pasar kranggan merupakan pasar tradisional di yogyakarta, ya untuk yang di jual umum seperti pasar-pasar tradisional lainnya, dan yang jelas lebih murah dari supermarket, kalo kesini bisa parkir di pintu depan atau belakang, paling enak disini itu , jajanan pasarnya banyak dan enak-enak",2019-10-14
Muhammad Mukhlasin Fatani,"Actually, I came here to taste TFP KopiWarun but it was already moved to the other market so I reach out to another option and decided to eat at Berkah Abadi (Hainan Rice). The taste was alright and the price was so-so but the set utensils were awful, especially the spoon (bent and not too hygienic)",2023-10-14
Nuri Agustina,Lantai 2 banyak kulineran. Cukup bersih. Lantai bawah banyak jajanan/ aneka Snack. Pasar tradisional yg komplit. Harga sesuai. Parkir mobil terbatas. Lokasi strategis dekat Tugu Yogya.,2024-08-14
Imadwi.b,"Di lantai 2 terdapat banyak tenant makanan, merja kursi sangat terbatas.",2023-10-14
Baskara Agung,Harga barang lebih murah. Keramahan juga masih ditemukan disini. Hanya kebersihan di beberapa tempat penjual perlu ditinjau lagi. Parkirannya juga mudah kalau disini.,2018-10-14
Chandra Nugraha,"Kesini karena butuh besek dalam jumlah yang cukup banyak. Info dari saudara di jogja carinya di pasar kranggan, ternyata stoknya banyak dan harganya juga lebih murah ğŸ‘ â€¦",2023-10-14
ursulin setyastika,"Bersih & parkir mudah.
Ke sini buat cari kue kippo sama makan di Lt. 2",2023-11-14
Yulia Angelina,"salah satu pasar tradisional yg letaknya strategis di pusat kota (tugu jogja), hari ini dikunjungi bapak presiden jokowi (peninjauan pasar tradisional, seperti dalam kutipan IGnya ""pasar tradisional bersih-nyaman-tidak becek-tidak bau""). â€¦",2018-10-14
Alicia Armaputri,"Banyak macamÂ² kuliner di lantai atas, ini aku nyoba kopi butter sama roti bakar sri rich wkwkwk",2022-10-14
Ratri W Hapsari,Its a traditional market. You can find any traditional cuisine here. Its worth the price if you are willing to come inside the market.,2019-10-14
Soeratno Marketing Mitsubishi,"Pasar yg aman dan nyaman, ramai dan hrga bersahabat , coba sendri deh",2023-12-14
Nat N,Baru tau kalo dilantai 2 nya sekarang jadi tempat nongkrong dan jualan aneka makanan & minuman.,2023-10-14
Bu Astri,"nggak masuk kedalam Pasarnya, hanya ke lantai 2 tempat Kuliner kekinian, kesana sblom jam 10 pagi jadi masih tutup toko2 kue & makanan lainnya hanya sempat nyobain Kopi Butter & Roti Srikaya... hiiikkss ğŸ˜Š smoga lain waktu bisa lebih lama explore ke dalam Pasar â€¦",2023-10-14
Umu Habibah,"Penasaran ke lt2nya pasar kranggan karena banyak makanan. Tempatnya ngga terlalu luas. Ada musholla dan toilet juga di lt2. Kesana nyobain sop sapinya, ngga mengecewakan si meski harganya lumayan",2024-01-14
Muhammad Irfan,"Pasar yang selalu ramai setiap hari, terletak di pusat kota Yogyakarta, mungkin perlu di tingkatkan kebersihan nya melihat di berbagai sudut ada tumpukan sampah yang baunya sangat menganggu",2018-10-14
Veronica Banister,"Salah satu pasar favorit, paling oke datangnya pagi jam 6-9an karena biasa sudah mulai banyak yg tutup di jam 10an tapi masih tetep ada yang jual. Cukup lengkap, murah, bersih & paling suka karena keluar pasar sudah liat TUGU Jogja. ğŸ‘ â€¦",2020-10-14
Titin Prihartini,Banyak stand makanan di sini dan rasanya enak2. Lumayan bisa makan sambil liat kemacetanğŸ˜ğŸ‘ğŸ» â€¦,2023-10-14
Kartika Hermawati,"Pasar Kranggan, salah satu pasar tradisionil di Jogja, letaknya di sebelah barat Tugu Pal Putih...  Ngapain kesana? Cari kembang...ah enggak...pengen cari sarapan dg menu yang unik2 sambil ngopi di selasar lantai 2.... Merasakan sensasi kuliner yg berbeda...",2023-12-14
chikon eko prasetyo,traditional market sampe tumpah ruah kejalan belakang pasar..suasana pasar traditional ditengah kota jogja,2022-10-14
Eka Nona,"Pasar dengan beragam jajanan di depan pasarnya kalo pagi hari, dan makanan berat di lantai dua di siang sampai malam hari",2023-10-14
Yulianto Nugroho,"Salah satu pasar yg cukup modern di Jogja, luas banget, nggak cuma pasar aja tp di lantai 2 juga ada stand kuliner kekinian. Kiri kanan juga banyaj ruko2 modern berbagai jenis usaha kuliner.",2023-11-14
Bayu Prabowo,"Pasar yang lengkap dan bersih. Berada di sebelah barat tugu Golong Gilig Jogja. Ada jual daging babi juga. Kesini siang hari lumayan masih susah untuk parkir mobil, tidak dibayangkan pas di jam sibuk. Bisa juga lewat belakang, mungkin parkir lewat belakang lebih mudah.",2023-10-14
Ezra Natalyn,One of traditional market in Jogja but what interesting is in the second floor there are many food seller and some coffee shops.,2022-10-14
Wisnu Wardana,"Kesini saat sore hari ingin mencoba berburu kuliner di lantai 2, malah banyak yang tutup. Untuk aksesnya mungkin bisa di bersihkan karena di beberapa spot cukup kotor dan basah, takut ada yang terpeleset.",2023-10-14
Salahuddin Al Ayubi,"Tips bagi mahasiswa yang mau jualan disini:
Kalau kalian mau jualan tanpa perlu bayar lapak, datanglah sebelum adzan shubuh berkumandang, niscaya akan kau temukan lahan kosong sepanjang jalan Utara pasar â€¦",2019-10-14
Asti Soemaatmadja,Good place and good food,2024-06-14
Mr. Koya Jon,Lokasinya deket tugu putih jogja. Untuk sekelas pasar tradisional lumayan lah bangunannya. Kalo pagi biasanya banyak pedagang juga di jalan kranggan nya yang lumayan bikin macet disitu. Cukup lengkap apa yg dijual disitu.,2018-10-14
Aulia mkd,"kesini pas beli makan di tfpkopiwarung, agak keasinan kalo menurutku hehe,porsi nya besar, pasti kenyang",2022-10-14
Axelgloryus_official,Pasar lengkap. Kalau pas ada waktu suka kesini.,2021-10-14
Ratu Yeremia,"Ada yang jualan lauk, depan toko maden, enak bgt! Boleh bgt dicoba apalagi kalau males masak~",2020-10-14
jana fitria kartika sari,"Ke sini pagi unt beli ayam kremes, malam di lt 2 ada food court macam2 pilihan menu..soto Tangkar, ayam hainan, dll",2024-03-14
YK is WONDERFUL,Murah asal pandai nawar. Sayang pasar tumpah lagi lockdown,2021-10-14
Sadeesh K,Nice market got traditional kuehs and everything grocery you want they close by 12:00 mostly,2024-04-14
Tanti Retno Dewi,Salah satu Pasar tradisional di jogja yg lengkap bgtğŸ˜ dan lumayan bersihlahğŸ˜Š â€¦,2020-10-14
Weny Christianto,Lantai dua banyak tenant makanan.. Mantab buat tempat buka puasa pas bulannya. Minusnya lampu pasarnya yg untuk tangga mati kalo malam dan gelap + kebersihan kurang dijaga sih..,2023-10-14
Sadu Budi,Banyak kebutuhan dapur & bahan pokok ada disini...termasuk jajan pasar...foto Mbak Ambar jajan pasar langgananku,2021-10-14
Haryono Har,Silahkan mampir yg kebetulan lewat untuk berbagi Rizki. Brg kali cocok dg situasinya yg mudah utk dijangkau... Terimakasih semuanya..,2018-10-14
Pitoyo Susanto,"One of traditional market in Kota Yogyakarta. I like to strolling at northern side of the market, as there is a lot of daily market activities for being photographed.",2020-10-14
The Blog santjoko,"Pasar yang ramai dan komplit belanja kebutuhan sehari-hari disini ada, mudah dicari lokasi pinggir jalan, ada tempat parkir mobil, motor , sepeda",2019-10-14
maulida yudhit,"Destinasi yang tepat untuk yang ingin berwisata kuliner di tengah kota Jogja. Terdapat banyak tempat makan mulai dari steak, mie, sop, udon, menu nasi dan banyak pilihan lainnya. Tempatnya bersih, pilihan tempat duduk juga banyak, pelayanannya juga baik. So far so good pokoknyaa ğŸ‘ğŸ¼ğŸ‘ğŸ¼ â€¦",2023-10-14
BENGKEL MOBIL SPECIALIS KAKI-KAKI GRACE ONDER STEEL,"Ayam kampung,B2 sayur2an buah lengkap disini tapi klu blanja parkir susah .suka hoshop saja",2024-01-14
Imam Hidayat,"Despite th fact that it sits at thr center of the City of Jogja, it provides us with produce that we will normally see in any Indonesian traditional markets. But don't compare it to a shopping mall. Cleanliness has been an issue of this market.",2023-10-14
si poernomo,"Pasar tradisional yg ada dikota,ada kulineran soto yg sipp",2020-10-14
RATNO SUHARJO,"Sudah bersih pasarnya, saya suka Soto Kranggan yang ada di depan di bawh tanggağŸ‘ğŸ‘ğŸ‘ â€¦",2022-10-14
Elly Khulastri,"Maaf saya kesini selalu ke lt 2, utk makan.
Tempat nongkrong cantik dan enak dg harga pasarğŸ‘ â€¦",2023-12-14
Rohmana Sulik,"Kondisi pasar cukup bersih dan rapi, jadi nyaman kalau mau berbelanja ke sini.",2021-10-14
Probo Darono Yakti,"Pasar Kranggan menyediakan pelbagai kebutuhan rumah tangga sehari-hari mulai dari perabot rumah tangga sederhana, sampai dengan sembako. Tempatnya yang dekat dengan Tugu Pal Putih membuat pasar ini mudah dikenali. Di depan pasar dapat â€¦",2022-10-14
Stlusur ID,Cukup Besar&Rame Juga.. Dari Pagi Sampai Skitar Duhur..Namun Belakangnya Sampai Malam(Per/Oktober 2023) Lokasi Sebelah Barat Tugu Jogja..,2023-11-14
Mokhamad Najib,Sarapan pagi soto daging ... cari kue dan ayam goreng utuh yang masih dibungkus besek bambu,2024-01-14
Susi Indri,"Pasar tradisional ini dekat dengan tugu jogya, berbagai produk pangan pokok tersedia, sayur dan buah segar juga tersedia. Pagi hari banyak pedagang yang berjualan sampai pedestarian. Berbelanja dipasar tradisional sambil wisata memberikan pengalaman bagaimana warga lokal dan budaya yang ada.",2022-10-14
Broto â€œToleâ€ Suwoto,Psr traditional yg cukup lengkap dan berada di pusat kota. Snack/jajan pasar lengkap dgn harga bervariasi. Penjual bunga utk nyekar di bagian depan serta snack kering di bgn dlm yg cukup tasty.,2022-10-14
Stephanus Theodorus,"Parkirnya kurang bagus, kadang mobil sampai harus parkir di seberang pasar.
Bagian depan dan samping pelataran pasar dipenuhi dengan penjual kembang, jajanan, dan makanan. â€¦",2020-10-14
arie ilfeel,"salah satu pasar tertua di jogja. letaknya yang berada dekat tugu jogja menjadikan pasar ini sangat ramai karena strategis dan mudah dijangkau dari berbagai sudut kota. pasarnya lengkap, pedagang menjual beraneka ragam barang dagangan, dari â€¦",2021-10-14
Ivona Dwi,"Lengkap mulai dari sayur, buah, ikan laut/tawar, per dagingan, gerabah, dll",2023-12-14
Sari Gunarto,Bersih babyak banget foodcourtnya dan enak enak,2023-10-14
Sari Martha,Pasar di pusat kota. Dekat Tugu Jogja. Sayuran cukup lengkap. Ada jajan pasar yg banyak banget pilihannya dan murah. kalau mau cari sarapan pagi di pasar juga ada. Sekarang juga sudah tersedia wastafel buat yg mau cuci tangan sebelum ataupun sesudah belanja. Kalau ke pasar ini juga bisa mampir ke bakso babi di belakang pasar.,2021-10-14
dody priyanto â€œDody putraâ€ Putra,Pasar lengkap tapi agak kurang dalam kebersihan dan sarana prasarana,2024-07-14
Helmi Wibi Saputra,"Pasar tengah kota
Kalau butuh sayuran dan buah masih ada, buka sampai sore
masih banyak dijumpai makanan tradisional, area parkir kurang luas, hingga â€¦",2021-10-14
eko pujiyanto,Pasar di Jogja yg rapi dan bersih,2022-10-14
Sari Purna Wati,"Lumayan penataan lebih rapi dan bersih,",2023-10-14
A Sa,"Pasar kranggan lantai 2 banyak pilihan menarik dari makanan indonesia, western, dessert, kopi, es krim. Hari sabtu siang harus sabar menunggu",2023-10-14
Lejar studio,"Tempatnya luas bagian dalamnya,penjual yang didalam jg tertata lumayan rapi jadi kita tak bingung kalo mau belanja daging dagingan maupun sayuran dan bahan rempah.sayang agak becek pas pintu jualan daging dan ikan.parkir agak susah kalo pagi rame sekali",2022-10-14
Onny Hard,"Pasar yg lengkap dengan berbagai macam kebutuhan masyarakat sekitar, dari sandang hingga pangan semua ada, selalu ramai di pagi hari setelah subuh hingga jam 10 pagi â€¦",2022-10-14
Ike Serizawa,"Jadi ni pasar lengkap bgt. Untuk bagian sayur sebelah utara di luar gitu, trz kalau jam 9 dah pada tutup. Tapi yang bagian dalam gedung sampe sore. Malem gitu juga ada yg buka kok bagian utara yg punya kios gt, ada sayur2 nya jg.",2020-10-14
Hartono Budi,"Sudah lebih tertata setelah direhab, area pintu belakang (Utara) perlu dibenahi,  karena akses keluar dan masuk sering tersendat oleh kendaraan yang parkir dan bongkar muat barang. â€¦",2021-10-14
Eunike Swandari,"Pasarnya bersih ,  dan  bermacam - macam ,sayur , ikan laut , ayam , buah 2 , bagus 2 dan ada  yg jual makanan  , harganya  masih  miring",2023-10-14
Yuni Aqbari,Terletak di Lantai 2 sisi selatan dari pasar Kranggan. Tersedia berbagai macam menu makanan. Mencoba Butter Kopi di kedai Terang Bintang.,2023-10-14
Sisca Maria Hartini & Indri Hapsari,"Pasarb Rakyat lengkap , bersih murah
Menjadi tampat kulakan para bakul cemilan dan sayuran mulai subuh sudah ramai dipadati pembeli",2023-10-14
sinyo panjul,"Salah satu pasar yg cukup rame dan lengkap serta berada ditengah2 kota Yogyakarta ( barat Tugu Yka).
Pasar lumayan bersih, dg lantai keramik dan pengaturan pedagsng sesuai jenis yg â€¦",2021-10-14
Ayu Letho,"Suka jajan sm kulineran aj,",2024-05-14
Nova Ariyanto,"Salah sebuah pasar tradisional yg cukup besar di Yogyakarta. Di pasar yg lokasinya berdekatan dg tugu Pal Putih ini, aneka barang tersedia. Dari mulai sembako, sayur-mayur, buah-buahan, daging, makanan, jajanan, aneka perkakas dan â€¦",2020-10-14
ADP,"Pagi pasar (jualan makanan dan kue-kue), malamnya tetap buka di lantai 2, ada cafe-cafe unik",2023-10-14
Among Sandi L,"Salah satu pasar tradisional yang masih mampu bertahan ditengah arus modernisasi... komoditas dagangan bervariasi,  kondisi pasar relatif bersih, parkir aman dan nyaman, terutama  di pagi hari..",2022-10-14
ardiyanti tanti,"Lengkap untuk beragam kebutuhan, pilihan ikan segar, daging sapi lebih variatif... Sayuran dan bumbu dapur juga komplit.. Aneka jajanan, sayur siap santap banyak pilihannya... pasarnya juga relatif bersih, layak dikunjungi....",2017-10-14
Heru Tridarto Tirtowardojo,"Salah satu pasar tradisional di kota Yogyakarta, saya sering ke sini antar istri belanja sayur, jadi belum pernah ikut masuk ke dalam pasar. Yg di koridor luar banyak mbokÂ² penjual makanan tradisional seperti gudeg dan makanan rumahan. HariÂ² cukup ramai dan parkir di kanan-kiri jalan, cukup 3k buat parkir di kota Yogya",2021-10-14
Ibnu Imam Antono,"Sop dog 25rb include nasi porsinya standard,
Rasa enak,
Nasi kalo bisa tambahin dikit porsian nya ğŸ˜ â€¦",2023-10-14
Devi Rachmawati,salah satu pasar tradisional di Yogyakarta yang tidak pernah sepi pelanggan. di dalam pasar sudah tertata rapi dan terdapat pelindung mika tiap lapaknya. mungkin lebih ditingkatkan lagi mengenai kebersihan lingkungan pasar.,2021-10-14
Vi Wi,"Luas banget. Dan karena ini pasar tradisional jadi pasti apa aja ada yang seger-seger. Tetep harus pilih-pilih juga karena gak semua penjual menyediakan kualitas terbaik. Utk tempat cukup bersih, tapi baunya gak nahan. Siap-siap aja pakai masker kalau belanja di pasar ini",2019-10-14
Travelingbae,"Letaknya di pusat kota tidak jauh dari Tugu Putih.
Setelah renovasi keadaannya sekarang jadi bersih dan teratur.
Penjual yang ada di pasar ini cukup lengkap. Untuk yang suka jajanan pasar, di â€¦",2018-10-14
Fraptin Siringo Ringo,Kebutuhan sehari-hari complete banget. Kangen jajanan pasar bisa mampir ke Pasar Kranggan.,2023-10-14
Annisa N PS,"Ke pasar kranggan kemarin karena ada kafe tfpkopiwarun di lantai 2. Tapi disana juga sangat lengkap.. ada kerajinan keramik, buah, jajanan sampai lauk ayam goreng utuh. Waw, jangan lupa mampir ke pasar jika berkunjung ke jogja!",2021-10-14
Tutut Widiastuti,Lumayan tertata sekarang..,2024-09-14
1112shop,"Saat Jokowi Tawar Keripik di Pasar Kranggan Yogya: Kok Larang?

Ristu HanafiÂ - detikNews â€¦",2019-10-14
I Ketut Arnaya,"Pasarnya lengkap, tapi pedagang daging sapi yang utara berbadan gemuk jualnya terlalu mahal,  saya langsung pindah di depan dia jualan",2021-10-14
anggraini s,"kalau yang lagi singgah di pasar kranggan jogja, jangan lupa mampir ke warung mbah irah, disini jual masakan khas desa atau yang sering di sebut (jangan ndeso). Rasanya udah psti nikmat, karna proses masaknya menggunakan tungku langsung, â€¦",2017-10-14
alley sekar,"suka belanja pagi di Pasar ini  terutama justru bagian luar( belakang Pasar) jl.poncowinatan, kalau didalam barangnya lebih mahal daripada yg diluar. Waktu jualan bagian luar dibatasi sampai 7.30 WIB. Biasanya pedagang di dalam kulak barang di pedagang luar pasar...",2018-10-14
Abdullah Azzam,Bersih untuk lantai dua. Ada tempat kopi enak juga,2016-10-14
esty anindita,"Merupakan salah satu pasar tradisional yang terletak di pusat kota dekat dengan tugu icon kota jogja.
Untuk masuk ke pasar ini bisa melalui 2 jalan, jalan diponegoro atau jalan â€¦",2016-10-14
"Meliana, Lea","Untuk ukuran pasar tradisional di Yogyakarta, pasar ini terbilang lengkap. Semua daging dagingan ada, baik yang halal maupun non-halal. Kebersihannya cukup terjaga.",2019-10-14
jey jey,"Pasar tradisional, penjual ramah, harga murah2. Asyik aja belanja di pasar dari pada di super market.",2023-10-14
Wirawan Mulyadi,"Pasar  tradisional yang terletak didekat tugu jogja. Saat pagi hari subuh dapat ditemukan aneka jajanan pasar dengan harga kulakan. Lengkap menjajakan aneka sayur, buah, daging ayam, daging sapi dengan harga bersahabat",2016-10-14
Yono Wahyono,"Pasar kranggan terletak di pusat kota jogja..tepatnya barat tugu jogja.dijalan diponegoro...Pasar yg lengkap untuk kebutuhan sehari"" murah dan lengkap sayur dan buah ..bumbu dapur ,perabotan dapur daging sapi sampe ayam kampung dan ikan â€¦",2020-10-14
Nining. Harjatiningsih,"- Lengkap, dr bahan mentah, daging, ikan, sayur, buah, pakaian, tas, pecah belah, jajan pasar, snack, rempah2 & jamu2an, masakan matang, gerabah, kerajinan bambu. â€¦",2020-10-14
Virgiawan Adi Baskara,"One of the markets in Jogja that is located in the center of Jogjakarta. You can find almost everything here. Fresh groceries, local snacks, even souvenirs from Jogjakarta. It's always crowded here but it's best if you come in the morning.",2022-10-14
Sari Rachma,"Di sisi luar, di kenal sbg pasar bunga mawar buat ziarah kubur. Uniknya, bunga mawar utuh segar di jual dlm keranjang bambu kecil... Usaha kecil yg msh btahan, kbanyakn yg jualpun sdh sepuh2.. Sangat rame saat mjelang & sesudah lebaran...",2019-10-14
Dwi Ratna Susilowati,Pasar lumayan lengkap dan berada di sekitaran pusat kota,2024-02-14
Fauzia Erbin Pebriarina,Pas kesini agak kurang lengkap barangnya. Mungkin gara2 kesana sore aja sih. Tapi ya mostly mirip sama pasar pada umumnya,2022-10-14
Ruslan Lan,Pasar dalam lumayan bersih,2024-05-14
Suyudi,"Pasar Tradisional yg semakin tertata, harganya lebih murah dibandingkan di Mall dan barang nya masih fresh karena ada yg langsung dari petani khususnya buah pisan dll",2020-10-14
Latifah Isti,"pasarnya indoor tp ada juga pedagang yg jualan di luar, sebagian sudut"" pasar bersih, tetapi untuk bagian penjual daging dan ikan becek dan bau, wajar sih",2020-10-14
Koes Miyati,"Tempat strategis utk berbelanja ,.akses jalan lancar d sepanjang arah menuju pasar,. Segala kebutuhan tersedia utk kalangan menengah kebawah, harga terjangkau . ..tempat lokasi   standart kebersihannya",2021-10-14
Suharyono,"Salah satu pasar tradisional terbesar dan terpopuler di Yogya, lokasi sangat strategis, ramai, berada di barat Tugu Yogya, lengkap, dari sayur, bumbu, buah buahan semvako, baju dll,harga relatif murah apalgi pandai menawar harga dan sabar â€¦",2020-10-14
Elfira Zidna A,Banyak pilihan jajanan. Roti jala dan teh tarik atau ais rekomended,2023-12-14
arie wibowo,Lengkap untuk sayuran ygbdisajikan restoran,2024-04-14
Ferianto Ananta,"Rame dan hampir semua kebutuhan sehari-hari ada.
Sayyr mayur. Daging (B2, Ayam, Sapi, Kambing). Ikan segar (laut/tawar). Buah2an ga terlalu lengkap.",2020-10-14
Rahmad Hariono,"Pasar tradisional di jogja yang dekat dengan pusat kota. Pasarnya bersih, tatanan kios2 juga cukup rapi jadi memudahkan kita kalau mau cari barang yang mau kit beli",2020-10-14
Jurito Sudarmo,"Pasar tradisional di tengah kota Yogyakarta,lokasi sangat strategis, cukup bersih, berbagai macam komoditas ada ditempat ini, seperti sayuran , daging, toko emas, toko pakaian dll...didalam pasar ada kios2, pedagangnya ramah, harga barang lebih mahal dikit dibandingkan tempat lain karena mungkin lokasi yg berada di pusat kota..",2020-10-14
Watik Istiningsih,"Pasar tradisional yang menjual berbagai macam kebutuhan pokok sehari-hari, sandang, dsb lokasi strategis, di tengah kota, mudah dijangkau dengan berbagai pilihan alat transportasi, harga terjangkau dan dapat ditawar, ada tempat parkir.",2019-10-14
Aksan Setyawan,"Dibalik salah satu pasar ramai di jogja
Sedikit kurang senang dengan penataan yang amburadul
Karena banyaknya penjual yang memasang stand secara tidak jelas",2021-10-14
Agus Supeno,"Nuansa pasar tradisional yang nyaman buat belanja kebutuhan sehari-hari, penjualnya yang ramah sesuai kultur daerah, Deket dengan pusat kota juga.",2021-10-14
dyah setyaningsih,Pasarnya lengkap hanya sj sdh di renovasi tetap sj masih kurang bersihğŸ™ yg dibagian ikan dan ayam terutama â€¦,2022-10-14
Yudi Mertonadi,buat yang jarang ke pasar tradisional ngga terlalu bingung-bingung cari keperluan dapur di pasar kranggan. begitu nyampe sini langsung dapet barang yang dicari karena hampir semua ruko menjual keperluan yang cukup lengkap.,2018-10-14
beem kayugrafis,"kompleks pasar yg juga terdapat toko2 aksesoris hp lengkap, toko onderdil mobil, aksesoris mobil, beberapa tempat kuliner dan jika malam hari banyak pedagang aneka barang bekas.",2017-10-14
Vita Tamara,"Komplit, murah, buka sampai siang, harga bersaing, komplit nomor 2 setelah pasar Beringharjo untuk sembako, sayur dan daging sapi-ayam",2019-10-14
joe jemiyanti,"Pasar yang menyediakan kebutuhan sehari hari mulai sembako, daging, sayur, buah, bumbu, jajanan, makanan kecil, aneka sandang, perhiasan, dll, tersedia lengkap di sini",2020-10-14
Yohanes Hastadi Kurniawan,"Tempatnya cukup bersih, meski ada beberapa sudut yang kotor. Lengkp menyediakan kebutuhan pokok sehari2, baik sembako, daging, pakaian dll.",2021-10-14
muhammad chalid,Walau pun sibuk berdagang kebugaran pedagang dan pengunjung bisa senam  erobik di dalam pasar,2023-10-14
Inu Nurfadzri,"Pasar tradisional yg modern, rapih, bersih, ditengah kota yogya, ada pusat kuliner di Lt.2.",2023-10-14
Helmi Nurfuadi,"Just a little more expensive than any other markets in Yogyakarta (usually around 1K to 3K more for raw food if you don't offer bargains). But that's the price of a great location (at the center of the city) and cleaner, less humid place.",2018-10-14
Nik Sub,"Pasar tradisionil lengkap ditengah kota jogya,pd siang hr lt 2 kuliner kekinian sangat recomended",2023-10-14
tyas,"Pasar ini salah satu pasar terkenal di Jogja, lokasinya deket tugu Jogja, pasar yg besar dan lengkap sebenarnya, tp entah Knp kurang suka belanja di sini.. ğŸ˜ â€¦",2020-10-14
Bii Pebii,Mencoba tempat makan dilantai 2 Pasar Kranggan. Hanya mencoba mekar makmur dan lumayan recomended. Mau mencoba stand yang lain.,2023-10-14
Yamin Bernard,"Pasarnya lebih lengkap dibanding pasar rata2, tempatnya besar untuk harga2nya juga terkadang lebih murah dibanding tempat lainnya. Di dalam tidak becek, sudah cukup rapi.",2020-10-14
Sofian D. Mardianto,"Pasarnya lumayan tertata, tidak terlalu kumuh sangat. Di sekitar pasar banyak spot foto menarik seperti mural di gang atau bangunan-bangunan lama",2019-10-14
Jozef Hehanussa,Para pedagang harus terus diedukasi untuk menggunakan masker dengan baik demi kesehatan bersama di masa pandemi ini.,2021-10-14
Fortunella Permadani,Pertama kali kesini buat makan di pasar (lt 2) banyak pilihan makanan,2023-10-14
Uncle Bean,"Kebersihan masih bisa ditingkatkan, masih banyak puntung rokok dan sampah kecil berceceran.",2022-10-14
neny mariani,"Kalau lihat aneka makanan jadi tergiur ğŸ˜ ğŸ˜ğŸ˜ Dulu waktu kuliah kos di Jogoyudan, dekat pasar ini... Beli sepatu dengan harga IDR 2k... â€¦",2017-10-14
Sophia Adriana,"Pasar tradisionil yang lengkap dengan harga2 yang bisa terjangkau untuk masyarakat..sayur2an lengkap,daging,ikan dll...Strategis ditengah kotağŸ‘ğŸ‘ â€¦",2021-10-14
Rani Gultom,Pasar yang tergolong cukup bersih dan berada tidak jauh dari Tugu Jogja. Menyediakan jajanan tradisional dan isi pasar pada umumnya ğŸ˜€ â€¦,2017-10-14
Nanik Sri Wahyuni,Pasar tradisional paling komplit ya disini mau nyari bahan masakan apa aja ada dech.. bersih rapi tempatnya,2019-10-14
kustriani puspitasari,Masih taraf pembangunan seh ini pasar tapi kalo masalah kelengkapan pasar sdh cukup bagus lah jajajanannya juga lengkap dan enak,2017-10-14
sigit wibowo,"Pasar ditengah kota jogjakarta, menjual sayur buah dan lainnya
Tempatnya luas tapi kurang tertata ,",2021-10-14
Ervina Triandewi,Lengkap. Penjualnya ramah2. Tapi parkir utk mobil sedikit sulit kl pas rame2nya,2020-10-14
Tiger Vansz,"Pasar banyak jajanan cemilan, rame",2024-02-14
Panggih DK,Asik banget belanja ke pasar tradisional ini.. makanan yg bener2 tradisional bisa didapat di sini dengan harga murah banget.. recommended,2018-10-14
Rahmat Fitrianto,Lokasi strategis,2024-01-14
Alfred Umbu Kuala Ngaji,Barang yang dijual cukup komplit shg tdk perlu ke t4 lain lagi...selain itu harganya sangat fair..,2020-10-14
Bernadetta Aryanti,Fresh various products everyday. Inexpensive. Need parking lot since it is very crowded in the morning. Some areas needs to be kept clean.,2017-10-14
Muhammad Taufik,"Pasar yang paling dekat dengan tugu jogja, 5 menit jalan kaki aja dari tugu...lumayan besar dan komplit",2021-10-14
Anjas Rohmiono,Salah satu pasar tradisional paling rame dijogja.. soalnya berada dipusat kota (dekat tugu jogja),2021-10-14
Juha Udia,"Bnyak kuliner di pasar ini, tp kebersihan perlu di tingkatkan",2022-10-14
HENI SUHAINI,Pasar tradisonal yang cukup bersih dan komplit,2023-10-14
Astri Khairana,Di lantai 2 nya ada banyak tempat makan enakkk. I think it's worth to try,2022-10-14
anggita filans,A lot of food. Interesting,2023-10-14
Dee â€œTamieâ€ tamee,"Syukak ...psrnya komplit...
Hrg nya sama dgn di warung...kale aj krn psr di kota yee...ğŸ˜ŠâœŒâœŒ â€¦",2020-10-14
ALFIAN DARMAWAN,"Pasar yang lumayan pengkap, namun tidak sampai masuk ke dalam",2023-10-14
Ponti Almas Karamina,"Selalu menyenangkan mengamati interaksi dagang di pagi hari, yang didominasi oleh makanan.",2019-10-14
Deelight Service,"Bersih ,komplit,fresh....jln belakang masih semrawut  ,rapiin dong",2018-10-14
Jhon Sampurno,"Pasar tradisional yg dikelola dengan baik. Rapi, bersih, murah.",2017-10-14
Gabriele Hanus,"Selalu menarik untuk dilihat - pasar tradisional!
Anda dapat menemukan buah-buahan dan bahan makanan, perlengkapan rumah tangga, dan segala sesuatu yang Anda butuhkan! â€¦",2023-10-14
Rindu Sundari,"Jajanan pasar yang banyak dijual di sini mulai dari getuk, gathot, thiwul, jenang, hingga jamu.
Ada penjual buah-buahan, bunga, pakaian, toko, dll",2017-10-14
Lukman rizal Ashari,"Depannya banyak toko jajanan, tapi di dalamnya kurang tertata karena ada penjual daging yang berjualan bâ´** di samping penjual sayur dan ayam dan harganya masih lebih mahal dibandingkan yang dijual di pinggir jalan seperti buah-buahan.",2023-10-14
Buci Morisson,Banyak makanan khas Jogjakarta,2023-11-14
bagus prasetya,Banyak tempat makan,2023-10-14
bambang christyono,"Beli emping khas jogja...murah, sederhana, sederhana, berkualitas tanpa mengetuk!",2023-12-14
HH C (Nash equilibrium),Pesan dan makan sate ayam dan nasi bersama.,2020-10-14
ĞŸĞ°Ğ²ĞµĞ» ĞšÑ€Ğ°Ğ¹Ğ½Ğ¾Ğ²,"Pasar universal. Saat ini sedang menjalani rekonstruksi.
Pada ~13.00 perdagangan mereda
Di belakang pasar di sebelah utara, terdapat jalan yang ramai dengan perdagangan â€¦",2015-10-14
arinto wibowo,Pasar tradisional. Suku bunganya cukup masuk akal,2020-10-14
Daniel Setio,Kalau pagi hari penuh dengan makanan dari pasar,2021-10-14
Sindy Claudia Sugiman,Banyak sarapan,2023-10-14
Chur,Beragam hal bisa kamu lihat di pasar tradisional!,2018-10-14
Tyas Millati,Banyak,2024-02-14
Slamet Waluyo,Jl. Gowongan kidul jt3 395 Yogyakata,2018-10-14
Muhammad Nur Kudus Kudus,Oh,2020-10-14
Astri Tantrina,Banyak jajan pasaar.. syukaaa,2020-10-14
JAYA Ma,Pasar tradisional dekat Tugu Yogyakarta,2021-10-14
Tri Agus Tantoro,Temukan apa saja...,2017-10-14
Antonius Widyatmoko,Pasar yang lengkap,2019-10-14
Anang Atmojo,Banyak makanan lezat,2019-10-14
Ayam bakar kang Emen Kang Emen,sayang2,2022-10-14
Retno Mulatsih,menyesap,2020-10-14
S Setiyono,Jika,2019-10-14
Kevin Hafid,Silakan,2019-10-14
LUNATICZ! INDONESIA,Banyak,2018-10-14
A F Rusdi,kirim iwakkk,2022-10-14
Jodi Alva K.,Dia bekerja di Kotor,2020-10-14
pramudhitta imanni,Jousse,2021-10-14
Toko Pertanian 5758,Jalan2,2019-10-14
Zaelani Usman Hidayat,BANYAK YANG BENAR,2018-10-14
Trimurbeng Sari,Dari,2018-10-14
Satya Barata,KehaBisan Lemet jagung,2020-10-14
Yusup Marwan,Mueah hidup,2018-10-14
Ida Ngurah,"Lantai 1 pasar sayur dan lainnya, lantai 2 kuliner aneka makanan ada dari sate kambing, mie, nasi gule, roti, dimsum dan aneka minuman. Rasa subjektif ya, ada enak dan ada yg biasa aja. Agak kotor dan puanas.",2023-11-14
Kusumma Kusummadewi,"Kebersihan mohon lebih diperhatikan, terutama bagian belakang. Untuk para pedagang, terutama yg di depan, Harga yang lugas saja.",2024-09-30
a lisnanto gathi,"Pasar ini letaknya cukup strategis di tengah kota. Dekat dengan tugu jogja dan jalan utama. Setelah mengalami renovasi bangunan utamanya sudah lebih luas dan bersih. Di jalan belakang, utara pasar sekarang lebih ditertibkan, jam8 pagi sudah harus bersih. Dan dilarang berjualan setiap selasa legi.",2020-10-14
Vika Fajriatun,"Parkir yang tersedia luas. Tapiii, bagian depan saja sudah bau",2024-08-14
Budi Prasetya,"Sdh tertata rapi lapak yg di slm,tp msh terkesan kotor&msh ada genangan air di sisi utara-timur dkt bak sampah",2022-10-14
Wily Sulung,"Pasar traditional yang modern.
Bersih dan nyaman.
Tapi ini tetap pasar traditional, bukan pasar modern, jadi tidak ada AC dan â€¦",2019-10-14
DK Wisata Jogja Tours & Travel,"Lokasi tengah kota, untuk wisatawan yg ingin beli oleh2 khas Jogja / makanan tradisional Jogja ada disini, Disini menjual semua kebutuhan lengkap & menjual produk daging non halal juga. Untuk harga menurut sy disini agak tinggi dibanding â€¦",2023-10-14
Widhi,"Pasar tradisional. Jadi kurang perawatan.
Murah dan cukup lengkap",2024-05-14
Kadd Roen,"Pasar tradisional yg lumayan komplit bila ingin mencari ikan laut dan sayur-sayuran seperti kailan, Romain, oncom Bandung dsb. Snack dan lauk-pauknya juga enak rasanya. â€¦",2023-10-14
Steven Johny (Steven),Agak kotor dan sangat rame kalau pagi hari. Tempat parkir di jalanan sangat padat. Mobil susah masuk.,2017-10-14
eka djuni,"Setiap ke Yogyakarta saya sempatkan jlnÂ² pagi ke Pasar Kranggan utk beli jajanan pasar spt : Sosis Solo, lemper, mochi, kue thok, Mendut dan buah. Kadang klo sore/malam mkn di lantai 2 sambil lihat suasana di Jl. Diponegoro & tugu Jetis Yogyakarta....",2023-10-14
Beruntung Harus,Harga snak thun 2024 mahal mahal,2024-06-14
Ridwan Raharjo,"Lengkap, murah, luas hanya sampahnya benar2 harus butuh penanganan khusus, air kotor nya mengalir kemana2 dan bikin suasana jadi agak tidak nyaman. â€¦",2021-10-14
Thomz Nics,"Pasar Kranggan mudah dicapai karena di pinggir jalan raya dekat Tugu Yogya sebagai salah satu Icon kota Yogya.
Hal yang menarik dan sangat membantu kami adalah: pedagang bunga yang mudah â€¦",2022-10-14
Jelly Keys,"Sayuran, kue, dan segala kebutuhan lengkap, tempat lumayan tertata harga juga ekonomis, hanya kebersihan perlu diperhatikan masih byk bbp kios yg menggelar dagangan memakan jalan, jd pengunjung kurang nyaman krn space jalan jadi berkurang",2022-10-14
hana Hanik,"Ternyata msh ada beberapa pedagang yg mengurangi timbangannya.. Beli kulit 1/2kg adanya beku, ditimbang deh 1/2kg.. Ternyata sampe rmh cm dpt 1/4kg. ğŸ˜†ğŸ˜†ğŸ˜† â€¦",2021-10-14
Heppi Numen,"pasar tradisional yang ada di dekat tugu kota yogya.klo pagi2 kita ke tugu,kita bisa mencari sarapan di pasar ini.tinggal jln 5 menit ke arah jln poncowinatan.klo pagi ada pasar tumpah di area jln ini.kita bisa membeli sayur2 segar,ikan2 segar,buah2an dan banyak penjual sarapan dan jajanan pasar di tempat ini.",2019-10-14
furqon robbi,"Usulan kami sebagai pengguna pasar juga pembayar pajak.
Pemerintah dalam mendesain dan membangun Pasar ( tidak hanya pasar Kranggan) perlu menggunakan desainer/arsitek yang benar2 faham karakteristik kegiatan di â€¦",2019-10-14
Toto Toegio,"Pasar tradisional.
Cukup bersih dan cukup menerapkan prokes.
Sayangnya, masih ada yg tidak tertib memakai masker. Baik pengunjung maupun yg berjualan dipasar ini.",2021-10-14
Sukardjo D Suwarno,"Perlu pengaturan yg tegas, bagian utara banyak jualan di trotoar dan jalan, sangat menggangu pejalan kaki kan kendaraan. Di jln Diponegoro sebaiknya parkir sejajar jalan, agar saat keluar tidak menggannggu lalu lintas.",2019-10-14
Achmad Fatchur Rosid,Kawasan masih agak kumuh ya.. mungkin dari pemda bisa lebih memperhatikan tempat2 vital. agar menunjang nilai plus dari wisatawan,2023-10-14
Jumadi Santosa,Tempat belanja lumayan nyaman didalam pasar namun gak tahu para pedagangnya karena lebih ramai yg diluar sedangkan yg didalam selalu sepi padahal pada modal jauh lebih besar dari pada yg diluar...,2021-10-14
Ratih Permitaningrum,"Surganya jajanan di bagian depan pasar, paling favorit bubur sumsum sama pangsit.. Meskipun bangunannya sudah diperbagus, tapi sayang masih saja ada beberapa pedagang atau pembeli yg buabg sampah sembarangan.",2017-10-14
Bambang Purwoko,"Beli bunga untuk dibawa ke makam ortu, ya ampun mahalnya dua kali harga normal. Jadinya terpaksa beli dengan harga selangit....nutuk...",2022-10-14
sudar woko,"Pasarnya sangat kotor& becek juga sangat licin lantainya terutama mau masuk ditempat belanja ikan, tolong buat pengelola pasar diperhatikan soal kebersihan",2020-10-14
Rendra Budi Hutama,A traditional market located on strategic place. The side where face Diponegoro street was full with gadget stores. There are also some delicious food stalls open till late night. The Kranggan street side was traditional market exactly. It was always crowded everyday. The cleanliness need to be improved more.,2016-10-14
Lili Yuliadi,"Pasar tradisionsl ini walau jaman sudah masuk canggih bahkan super canggih, tetapi di pasar Kranggan ini masih ada yang bersifat tradisional seperti tukang jahit engkol.",2019-10-14
Gandes Busana,"Pasar lumayan komplit,harga terjangkau,kebersihan perlu ditingkatkan,..",2023-10-14
Rosiana Chozanah,"Karena ke sana saat pandemi, jd pasar masih agak sepi. Tp aku prefer belanja di pasar condong catur karena lebih bersih (utk ukuran pasar tradisional)",2020-10-14
siska prasetyo,Pasarnya sudah cukup bersih. Harga bahan pangan relatif sama dgn pasar2 yg lain. Lokasi sangat dekat dgn Tugu Jogja.,2017-10-14
Alca Noir (Alca),"Yaaaa pasar tradisional umumnya lah..

Kotor2 gimana gt.. Lengkap sama hewan2 pasar yg seliweran lah..",2022-10-14
umar faruk,"Urusan daging sapi, kambing, ayam kampung sangat mudah didapat krn lapak nya lurus satu arah , timur barat... buktiin ya",2021-10-14
Fajri Fitria,salah satu pasar tradisional terbesar di jogja. letaknya di dekat tugu jogja. mayoritas barang dagangannya adalah bahan makanan segar dan olahan.,2019-10-14
Ariyadi (Ariyadi Kartosetomo),"Makanan tradisional dan unik khas Jawa biasanya tersedia di sini, tidak semua pasar tradisional punya.",2020-10-14
Murti Dwiastuti,"Tempat jualan daging ayam potong dan sekitarnya belum tertata rapi, masih kelihatan kumuh.
Tempat jualan arang belum tertata juga sehingga kelihatan kotor.",2020-10-14
Valdan Val,"Pasarnya kurang tertata, kebersihan kutang di bagian belakang jalanya ada yang tergenang, parkiranya semrawut",2022-10-14
Digno Christopher,"Cleaner than most traditional market, it got so many varieties of foods and more. But you must be careful, cause the parking lot is so limited and the keepers often asked for more.",2018-10-14
bimasakti bhakti k,"Ramai, yang biasanya kalau pagi hari bisa bikin macet. Tetapi banyak jajanan pasar dan makanan pasar yang menarik untuk dicoba.",2017-10-14
Julio Caesar Ibrahim,Kebersihannya masih kurang,2024-05-14
Palagan Pet Cargo,Pasar yang lengkap dan bersih,2017-10-14
Suranto Yudobusono,"Pasar ini di jalur H, mestinys jadi prioritas rehab srperti Pasar Pawirotaman.
Dengan catatan, parkir kendaraan di Basemen.",2022-10-14
Fidio eklusif Jogja,"Wah wah kalo sblm jam 6 pagi waduh ramaenya disepanjang jl poncowinatan ramaenya bukan main saya sarankan gak usah bawa motor apalagi mobil, susah parkirnya",2020-10-14
Ariev Prabowo,"Pasar tradisional Barat tugu pal putih..... Walaupun pasar tradisional yg terletak di tengah kota, suasana nyaman dan adem akan rasa kekeluargaan. TINGKATKAN terus.",2017-10-14
von cherish,"Pasar nya lengkap, sayang di bagian ayam & ikan tdk bisa bresih spt di bagian daging & lain nya",2020-10-14
Nurma Mubarok,Harga barang pokok dan kebutuhan lainnya menurut saya murah dan deket dengan tugu kalo mau sekalian jln,2021-10-14
Uma Umayah,Pasarnya luas klo pagi rame banget di luar pinggir jl bnyak yg jualan ..,2019-10-14
Edi iswanto,Ada semacam food court di atas pasar,2023-12-14
Wong YoJo,"Tidak banyak yang spesial disini. Tapi masih ada yang jualan masakan/makanan tradisional/lokal disini, khususnya di pagi hari.",2020-10-14
Tania Alma Rossa,Kotor yağŸ˜“ makan di tfp sih tp ttp aja kotor pdhl yg lt 2 itu isinya makanan2 â€¦,2022-10-14
Dedi Hantono,Pemanfaatan ruang yang cukup unik pada sebuah pasar. Pada malam hari pasar ini dijadikan tempat jajan lesehan.,2018-10-14
Yant Christiana,"Pasar tradisional, banyak menjual barang2 dan makanan khas, harga murah, parkir terbatas.",2021-10-14
wanto sujar (wanto),"Pasar besar yang ada di kota jogjakarta selain pasar bringharjo, monggo mampir banyak macam ragam kebutuhan di sini.",2021-10-14
Agus Harjanta,"Salah satu Pasar Tradisional yang berada di Kota Jogja , yang tengah berbenah untuk melepaskan diri dari kesan ""Pasar Tradisional Kumuh"" menjadi ""Pasar Tradisional yang Bersih dan Ikonik""",2017-10-14
asLi Gunungkidul,"masih terlalu kurang terawat, banyak pedagang yang berada diluar lingkungan pasar",2021-10-14
Johan Subekti,"Pasar Tradisional yg sudah di tata modern bersih dan nyaman, cari Okra hijau/merah dan Horenzo bayam jepang.",2017-10-14
moto camp adventure,lumayan bersih ....pasarnya beada di tengah kota sebelah utara tugu jogja,2021-10-14
- marhaendra,"Lumayan bersih..tapi masih lumayan aja ya..khususnya yg bagian belakang, daging2 dan ikan..",2019-10-14
Annosmile Al,Pasarnya telah mengalami beberapa kali renovasi. Harap diperhatikan kebersihannya,2021-10-14
andrean tirtayasa,"sempit, barang yang di dagangkan kurang lengkap dan bervariasi, parkir mobil susah sekali",2019-10-14
Amee Harwani,"Letaknya di tengah kota, mudah dijangkau. Namanya juga pasar...mau beli macam2 juga ada tapi tidak sebesar pasar Beringharjo.",2019-10-14
F01,Deket tuggu jogja,2023-10-14
Sri Hadi,"Cari lauk.
Dah siang.. Sepi lah.
Pst besar tapi tak begitu ramai",2023-10-14
Alek Alex,"kotor,bau tdk ada penataan yg rapi ,perlu brain forming utk penataan kebersihan dan  pedagang.",2018-10-14
Full say,"Suka blusukan dsni...
Dl ada gule yg enak dilantai bawah sebelah barat.
Tapi skrg pd pindah kmn ya?",2020-10-14
Jidalyono Jidalyono,Tempat berkumpulnya semua orang yg ingin berbelanja atau sekedar week end...hi hi,2022-10-14
Avoka Laksana,"Makanan ok, tempat kalo ujan becek tampias ujan.",2023-10-14
Luqman Al Hafizh,"Lumayan sih kebersihannya, untuk lantai bawah biasanya banyak sampah berserakan",2018-10-14
Yulianta btkljogja,Pasar tradisional sudah lumayan bagus tapi masih becek kalau hujan,2021-10-14
yume chan,"Pasarnya bersih, untuk bagian-bagian luarnya buka sampai jam 7.30 malam",2017-10-14
Arjun Qowi Naqiba Shewhoqwhe,pasar tradisional.. menyediakan berbagai macam kebutuhan masyarakat,2020-10-14
YK. DIDIK LUKITO,Wah... Memang pasar iru susah bersih... Dan kalau lebih rapi mungkin akan lebih baik...,2019-10-14
Farida Oktaviasari,Pasar ok....komplit termasuk pasar induk bg saya.....cm tolong untuk tps nya,2021-10-14
kauthaitea yogya,Termasuk tinggi harga2 di pasar ini.. daripada pasar tradisional lainnya.,2022-10-14
Jetrani Reza Dias,Pasarnya makin bersih. Tukang parkir sigap. Dagangan komplit dengan harga murah,2017-10-14
FranFrans,Pasar tradisional menyediakn kebutuhan rumah tangga yg relatif lengkap..,2017-10-14
Anakisidaa,"Salah satu pasar tertua di Yogyakarta, maklum kalau namanya sudah cukup terkenal di masyarakat luas",2017-10-14
andyF,pasar tradisional di tengah kota jogja,2018-10-14
bunga trotoar,rame...depannya bnyk jual bunga buat nyekar.,2019-10-14
andy sulistyo,"Cukup lengkap, tapi harga jauh lebih murah di pasar serangan..",2017-10-14
Sulistyawan Ds,Pasar Tradisional yang sangat lengkap. Harga murah dan bisa ditawar.,2016-10-14
Albertus Audie,Cukup komplit dan bahan2 lumayan. Hanya cari parkir susah.,2017-10-14
Nur Rahmi,"Agak kotor,agak mahal ,kurang ramah ,ada los penjualan daging babgi",2018-10-14
Affi Aditya Khresna,Kalau pagi banyak jajan pasar dan kalau siang jam 12 ada Wikikopi,2017-10-14
Timothy Jevon LIEANDER,"I think it is a quite well organized traditional market, but not seeing it as a convenient place to shop yet..",2017-10-14
Ahmad Zhafir Hernadi,"Bagus seperti pasar lainnya, sama aja sih sama pasar yang lainnya.",2021-10-14
Jali Nuryati,utk belanja kebutuhan sehariÂ² dan utk jualan lumayan murah,2020-10-14
Ida Betanursanti,Tempat belanja berbagai kebutuhan rumah tangga yang ada di dekat pusat kota Yogyakarta,2017-10-14
dimas agus,"Pasar yg lengkap, kebersihan perlu ditingkatkan",2020-10-14
Subur Priyono,Cukup besar/luas pasar terbesar ke 2 di kota yogya,2022-10-14
Agus Aak S (Aak),Bisa beli camilan disini kalau pagi. Lengkap tinggal pilih,2021-10-14
Yanti Yanti,"Bukanya hanya setengah hari, kurang rapi
Terlalu sibuk dan tidak beraturan",2019-10-14
Kresnha Dwipayana,Sama seperti pasar tradisional lainnya yg besar dan ramai,2020-10-14
yudi â€œyudzgepzâ€ setiawan,"Jalanan sblh utara msh banyak genangan air, bau",2021-10-14
Oka Kirana,Bersih tapi masih perlu diperhatikan..parkir susah,2020-10-14
Alvin Noor Arief,"Makanan mahalÂ², tidak seperti Jogja pada umumnya",2022-10-14
Rudi Syafri,Bangunan pasar barunya sudah selesaidan skrng lebih bersih,2017-10-14
HENDRA SS,Harga murah... banyak jajanan dan makanan yogja,2022-10-14
siti aisyiah,Klo pagi nyari makanan mudah dan banyak variasinya,2017-10-14
Nia Nurul,"Tempatnya masih kurang tertata..
Dan masih belum bersih.....",2019-10-14
Zulfa Rifa,Luas pasarnya..parkirannya jg rapi,2017-10-14
chefhudi Wantoro,Dagangan lengkap  namun sayang kalo hujan msh becek,2020-10-14
Rosyid,Seperti pasar tradisional pada umumnya,2022-10-14
Mak Rita,Pasar tradisional yg berada di Utara Tugu Yogya.,2020-10-14
Unique Cafe & Resto,"Produk cukup komplit,cukup tertata,cukup bersih,parkir cukup,harga murah.",2020-10-14
m. ltfh,Lengkap tapi agak mahal dari pasar tradisional lainnya,2017-10-14
Rhazes Wahyu,Hati hati terhadap harga yang di markup,2023-10-14
Suranto ranto,Perlu dibangun seperti Pasar Pawirotaman ato Pasar Prambanan,2022-10-14
Mirza Nuryady,"Mmm kind a another traditional market, but the wet n dry place still mixed",2018-10-14
Amira Siregar,Pasarnya lumayan bersih dan terang...,2017-10-14
Daniel Setiabudi,Pasar tradisional yang luas fan ramai diantara Jl. Diponegoro & Jl. Kranggan,2021-10-14
Anto,Pasar tradisional yang cukup bersih dan tertata,2019-10-14
riyanto riyanto,Berada di dekat tugu jogja.  Lengkap dan murah,2017-10-14
untung satriyo Soekirman,Kebersihan jauh dibandingkan dg Pasar Beringharjo,2019-10-14
Hartono Ahza,"Harga lebih murah, tapi kondisi jalan tidak nyaman",2018-10-14
SArbe Priyono,Cukup komplit dAn rAmai krn komplit,2023-10-14
Umikay,Tempat cari kletikan yg mumer,2023-12-14
Hargo Jatworo,Tempat nongkrong bareng tmn...,2022-10-14
Valla Tjoa,Kurang nyaman tapi lumayan lengkap,2022-10-14
Fajri,"Sorry, i just don't like the fishy smell urgh!",2021-10-14
kristiana sumarsih,Tempatnya tertata rapi dan bersih,2021-10-14
Toni Rasta,Rame bnyk jual bunga,2019-10-14
Gamar Mahesya,Bagus lumayan harus ada peningkatan,2020-10-14
Nuning Herawati,Pasarnya deket kota,2018-10-14
RODA MAS MOBILINDO,Cukup rapih tertata..,2022-10-14
Yas Transport92,Pasar yang santai dekat tugu jogja.,2017-10-14
Neneng Deti,Cuma sekedar lewat aja gan,2019-10-14
Budimulia Julian,It's a traditional market with smile seller.,2021-10-14
Syamsu Nur,Tingkatkan kebersihan nya,2022-10-14
Pandu OFF Story,Yang mau cari B2 di pasar ini,2017-10-14
bintang kikuk,Banyak barang murah,2017-10-14
Redi_ Story,Kebersihannya perlu diperhatikan,2018-10-14
Heru Gojer,Lumayan sudah ada penata'an,2020-10-14
Jajang Jakaria,Harus masuk-masuk jalannya,2017-10-14
Hanandia Nataprawira,just an ordinary traditional market,2023-10-14
Yudi Hans,"Bersih , rapih, ramah",2022-10-14
Dik Ha (D/i/k/h/a),Pasar  yg bersih,2020-10-14
Janu Sandi,Salah satu Pasar tradisional di kotajogja,2018-10-14
Muhamaad Harka,Tempatnya lumayan bagus,2018-10-14
arini kistiyani,Bru p1 kali msuk,2018-10-14
Pri Agus,Tempat jualanya komplit,2017-10-14
Yan Richard,Semerawut,2023-10-14
saya Nicolaus,Ramai sekali,2018-10-14
devie rena,Ok,2023-10-14
Candra MPH,lumayan bersih,2021-10-14
nuan nyta,Mistis...ğŸ’€ğŸ‘» â€¦,2024-01-14
Wisnu Nugroho,Cocok untuk beli,2018-10-14
Sutarno Darmo,Sudah pernah memposting,2021-10-14
Hj. Hery Lina Zainuddin,Murah meriah,2019-10-14
soribon 28,Lumayan nyaman,2020-10-14
mua jogja,"Lumayan lengkap,",2019-10-14
Frengky MA,Its a complete market and noon market,2018-10-14
wilfridus aditya,Cukup baik ğŸ˜ â€¦,2019-10-14
Faridha irma Murtiningrum,Bersih rapi,2019-10-14
Indria Putri,Pasar dekat Tugu jogja,2019-10-14
Agnes Choi,kurang lengkap,2019-10-14
Ismi APCargo,Rame,2020-10-14
Subuh Algazali,Kumplit gaes,2019-10-14
Samiati Samin,Terjangkau,2020-10-14
Rudy Dewanto,Nice place to visit...,2017-10-14
jayasri jogjarea,Bersih dan ramah,2020-10-14
hellbog TV,Mantap,2017-10-14
Fikri Alfarisy,Pasar,2019-10-14
Oerip Soedradjat,Traditional market,2019-10-14
Panitis Suryo Santosa,Pasar tradisional,2017-10-14
Rino Belloni,"Menurut saya bisa diabaikan
Tidak ada yang khusus dalam hal wisata, tetapi hanya hal-hal yang dibutuhkan penduduk setempat setiap hari",2020-10-14
å¤§é›„,Ada tahu jahe di dekatnya dan rasanya cukup pedas.,2017-10-14
Sri Sulistyarini,Kurang bersih dan teratur,2017-10-14
Budi Wahyudi,Pasar bersih,2019-10-14
Padminingsih Indri,sangat sulit,2022-10-14
Cak Her,Murrahh,2019-10-14
Erna Budiwati,Deskripsi kurang,2021-10-14
bimo puthut,Milikku,2018-10-14
Mas Win,Jika,2017-10-14
Zidan Rosyid,pasar aman,2020-10-14
M. Khairul Anwar,Lakukan itu,2020-10-14
pram mono,Itu normal,2020-10-14
Padmi wijiutami05,"Tadi siang lewat jalan yg sebelah utara pasar bauuuunyaaaaaaa minta ampun.
Air bekas jualan ayam menggenang dijalan jalan yg rusak.
Wes bau ikan, bau bekas ayam, komplit.
Padahal cuma lewat, baunya sangat menyengat.",2021-10-14
Jo Biran,"Pasar tradisionil yg masih bertahan ditengah hirukpikuk pembangunan Jogya, lokasi yg strategis didekat Tugu Jogya, yg tak sesuai dgn tradisionil nya adalah harga yg semi fix price, tak ada tawarmenawar tp harganya cukupan, tidak mencekik leher â˜º",2020-10-14
Clay Dycedarg,Kurang terawat dan kotor. Lantai 2 banyak keramik yg pecah ngeri2 sedap kl jalan,2021-10-14
Bapak Sugiyanto,maaf sekitaran pangkalan ikan sblh timur bau amis sekali +toiletnya,2021-10-14
Mey Gaptek,Kebersihan nya tdak ada tapi para pedagang nya baik dan rama,2020-10-14
Muhammad Fajar,Parkirnya dipinggir jalan dan menutup lebih dari setengah badan jalan.,2018-10-14
areL Transport,Pasarnye kotor,2018-10-14
Amelia Nanda Narosita,Harga cukup mahal lebih baik ke bringharjo,2023-10-14
Nur Alamsyah,"kupat tahu, murah...",2020-10-14
Tias,Toko2 handphonenya sepi pengunjung,2017-10-14
sularno sularno,Murah meriah.....lengkap,2021-10-14
Christ Haryono,...yah..namanya juga pasar,2019-10-14
Imma Indra Dewi,Panas. Kotor,2016-10-14
Rahmat Alfianto,"Parkirnya kurang tertata,",2016-10-14
tegar,Kumuh dan bau tidak sedap.,2018-10-14
benny ariono,Bersih & rapi..,2021-10-14
Slamet Prabowo,Bagus dan ramai,2021-10-14
dr. Basar Riyanti,Kurang bersih,2021-10-14
IDUB HERMAWAN,Semrawut dan bau,2018-10-14
Kakek Papi,Kurang nyaman,2018-10-14
Maha Dewa,Bau,2020-10-14
Geografif F,Traditional street market,2018-10-14
Sigit B Permono Ibnu Hilal,Seep,2017-10-14
The Comonis,sepiiii,2018-10-14
Bunda Rara,"Pasar legendaris di tengah kota, hanya tdk ter tata  , area daging dan ayam, lantai basah, banyak yg retak dan banyak lalat.Penjual pasar kurang di edukasi , berkesan tidak ramah. Perlu pembenahan total agar berkesan setiap belanja disini, shopping with travelling.",2024-01-14
Laksmie.endahretno Wirjohoetomo,"Pemandangan atap kotor, next jd perhatian pemilik bisnis",2024-06-14
Yori Andromeda,"Usaha ini dalam mendapatkan rating & ulasannya di google menggunakan jasa dari SKYMATTIX, jadi tdk murni dari pengunjung
Yg bahayanya admin SKYMATTIX kasar dalam berkomunikasi & mereka tdk bertanggung â€¦",2023-10-14
muhamad choirul,"Tukang parkir yg seberang ""sunlife"" rese banget... Saya parkir bentar aja, di tanya ""mas masih lama ga ya?! Saya juga cari nafkah, jangan lama lama"" â€¦",2022-10-14
Steve Wirawan,Pasar paling semrawut di jogja! Jl di sekitar pasar ini sering macet karna tukang parkir yg menaruh motor dgn sembarangan (sampai 2 lapis) di seberang pasar.... Harus nya pemda turun tangan untuk ikut menertibkan jl di sekitar pasar ini â€¦,2018-10-14
Prapti Rahayu,Pasar ini skrg lumayan.   bersih n tertata yaaa .... cari apa aja ada.. . Setiap hari aku belanja disini.,2018-10-14
Arief Budiman,"Penataan pedagang kurang optimal.
Karena kekurangan tempat.seharusnya pasar berlantai 2.",2022-10-14
Mujiana Kanthil,Semoga pedagang pasar kranggan tetep selalu was pada dan selalu jaga kesehatan dan kebersihan,2020-10-14
iftah udin,Bagus parkir luas bersih tersedia buah apa aja,2021-10-14
Siti Purwanti,Tempatnya enak daging apa aja ada,2023-10-14
Arvin Arivin,Pasar nya bersih,2023-10-14
Alfi Kataningrum,Kurang lengkap dan masih harus ditingkatkan kebersihan nya.,2018-10-14
MARCIA RS,"Good market at the second floor
Come to 2th floor....:)",2016-10-14
dandhy akbar,Pasar cukup kotor dan padat,2018-10-14
Anna Yuliastuti,Pasar kranggan kotor,2020-10-14
Mas Bero,Protokol kesehatan 0,2021-10-14
Yuli Hamdani,Susah parkir,2019-10-14
Peri Seswanto,bagus,2020-10-14
putra dira,lumayan,2020-10-14
Murdy Tr,tempatnya kotor di teman,2015-10-14
Kamsari,Bagu,2020-10-14
Ardiansyah Hana,"Pasarnya kotor, bau dan bikin macet area sekitar karena parkir yang hampir memenuhi badan jalan. Semoga ditata agar bersih, modern dan nyaman",2020-10-14
Rama Pratama,Kebanyakan pedagang makanan disini mematuk harga untuk wisatawan hati hati,2024-02-14
bambang setyawan,"Pasar Kranggan Jogjakarta.
Pasar tradisionil.
Kalau pagi rame yang jualan kue basah. â€¦",2018-10-14
Septiawan Nugroho,"Mau kirim barang jam 21 sapam nya ngak mau bukakan pintu, padahal sudah lihat tapi ngak mau bukakan pintu, kebersihan pasar sangat bagus",2021-10-14
Agung Anugerah,Kotor dan bau !!!! Cebongan atau colombo yg lebih kecil dari pasar ini lbh bersih dan tidak bau loh,2022-10-14
Adi Sasmita,Perlu perawatan dan perbaikan bocoran dan lantai pecah serta buangan air agar tidak licin,2020-10-14
Nanes Arinawati,"Kalau siang, sampahnya yg depan toko abadi, baunya kemana2",2021-10-14
Deddy Taufik Hidayat,"Untuk kios hpnya hanya 4 toko yang buka, dari sekitar 30 toko.",2017-10-14
sigit indra,"Rumput kering, tanah berpasir",2020-10-14
Marsidi Hartomo,Masih sepi,2024-05-14
Niki,"Td pagi penasaran ke pasar kranggan. Letaknya di depan grand senyum hotel. Parkir pinggir jalan tp kang parkir sgt membantu. Di bawah ada gudeg, sop, aneka jajan pasar, dimsum, es dawet, getuk,dll.. Maaf utk gudeg basah (ga bs sebut nama) â€¦",2024-03-14
Agus PD,"One of the oldest traditional wet market located in central Yogyakarta. You can find all kinds of fresh vegetables and meats to prepare foods for the family. Facing Jl. Dipenogoro, or front side, many stalls selling traditional snacks. â€¦",2024-03-14
Yohna fortinatus,"Pasar teadisional paling komplit
Jajanan pasarnya banyak banget
Kami wajib kesini kalo mau cari semua jajan pasar â€¦",2020-10-14
Ge'ge'r DemangE,"Cuaca hari ini seperti kurang bersahabat , mendung dan berhawa dingin .
Berbalik dengan keadaan hiruk pikuk pengunjung pasar yang sangat ramai ....
ALHAMDULILLAH para pedagan hari ini Rabu 3 Desember 2020 . â€¦",2021-10-14
aditya s,"Bbrp kali makan siang atau malam di lantai 2. Rasa makanan cukup enal dan bervariasi.
Harga rata2 dan tercantum di menu.
Kebersihan (1-10) nilai 4",2024-02-14
d4r55,wiI7pd,
Winahyu Agung,"Sudah lama lapaknya tertata.
Juga ada pelayanan bankÂ²
Pemerintah untuk layanan
Simpan pinjam.",2024-10-13
Penjahit Aneka,Mengutamakan kebersihan,2024-10-12
Leilly Agustini,Asik aja,2024-10-07
nurhayati noorayu,Kuliner nya enak semua,2024-10-07
Dominic,Pasar murah serba ada.,2024-09-30
Dahlia Anggraini (558CUSTOM COLECTION),pasarnya bersih,2024-09-30
rukinah umby,Barang yang dijual lengkap,2024-09-14
Aris Yaken,Rapi bersih,2024-09-14
herqutanto,Historical traditional market,2024-09-14
Alya Salsabil dwiastuti,"banyak pilihan makanan dan enak""",2024-09-14
Yoas Nathaniel,Makanannya enak,2024-09-14
Sapto Cahyono,"Kuliner spesifik etnis Melayu dan chinesse, rasa enak",2024-08-14
Tito alfaqir,"Cari Kembang segar jajan pasar dan buah""an buat Ritual di Parangkusumo disini.
Lumayan murah.",2024-08-14
ap ril,10/10 ğŸŒ¸ â€¦,2024-08-14
Himah Hasbi,"Cobain aja sendiri, pasti ketagihan",2024-08-14
albertus yuki,pasar tradisional di jogja dekat tugu jogja..menjual berbagai macam kebutuhan rumah tangga,2024-08-14
Winasista Salarina,Datang kesini untuk kulineran di lantai 2 pasr Kranggan,2024-07-14
APL,Has what you need,2024-07-14
agus setiadi,Pusat pasar tradisional di tengahÂ² kota Yogyakarta,2024-07-14
Rendy Pp,Menyenangkan ğŸ‘ â€¦,2024-07-14
Dibeli pastihoki,"pasar kranggan sayuran harga terjangkau, komplit mau beli apa aja ada, cuma macet pol kl pagi, harap di tertib kan lg parkiran yg belakang, jangan ngabisin jalan, trims ğŸ™ğŸ™ â€¦",2024-07-14
Nazalia Rosadanti Hanan 'Adila,Enaaak,2024-07-14
ryane ferouline,Menarik,2024-07-14
Cristi Sutopo,"Luas,bersih,komplit",2024-06-14
V R,"Vibesnya kayak Pasar Santa kalo di Jakarta, nice",2024-06-14
Ichsan Udin,Yg jualan di pinggir jalan juga rame,2024-06-14
Visensia Sekar Dyah Pitaloka,"Rapi, bersih",2024-06-14
Samsul Adi Prayitno,Jajanan Pasarnya Enak enak,2024-06-14
Yulaika Romadhani,"Nice place. Dulu sering banget ke sini ke lantai 2. Banyak tempat nongkrong di sana, mulai dari wikikopi hingga ramennya yg ena",2024-06-14
Hari Anto,"Seperti pada umumnya , krn berada di jogja yg membuat istimewa",2024-06-14
Paulina Ririn,"Soto tangkar 77 enak, pass.. porsinya pass",2024-06-14
andri bogel,Sarapan di lantai 2. Asli saya suka banget. Sambil ngopi dan nyemil.,2024-06-14
Mukh aviv,Ambil pengalaman kuliner disini ..,2024-06-14
saddam muhamad,"Surga kuliner, wajib dtng pagi dan malam hari",2024-06-14
bee boo,Ok,2024-06-14
Latifa Ifa,Suka beli seafood karna lengkap pol,2024-06-14
Edy edy,Tempat kuliner yang wajib dikunjungi saat ke jogja,2024-06-14
Windi Yudanto,Pasar Kranggan Yogyakarta,2024-06-14
Fitri Dedi,Jualan nya komplit,2024-05-14
